gender,credit_score,approved,pseudo_id,age_bin,income_band
F,681.0,0,9cb0201cd1eaffb6,30s,50000
M,677.0,0,6f5ce6840f43b211,20s,30000
F,667.0,0,3e168c7cf589a00d,40s,50000
F,613.0,0,c435bdf468404ad2,40s,30000
M,764.0,0,d2514ce7ff564627,30s,50000
F,655.0,0,2662eda45a3792b0,50s,10000
F,780.0,0,e4437e12be4ff7bd,40s,30000
F,681.0,1,8d2af56be171037d,20s,80000
M,725.0,0,b14cb7f6823ec036,60s,60000
M,719.0,0,3ca5f31a3fa81eb4,20s,70000
M,622.0,0,60bdfdbf6d45944d,40s,70000
F,706.0,0,b00527ced39e0423,30s,60000
F,815.0,1,4e9eb893bd55751e,40s,40000
F,698.0,0,2d7efcebe2d2a6dd,50s,30000
M,743.0,0,5d0a702fc7ab7acd,50s,70000
M,729.0,0,9cba07c97c60edcd,40s,50000
F,701.0,0,f53b40233d22ba01,50s,90000
M,693.0,0,3a92179330101fc5,50s,40000
F,718.0,0,b44e89e42d60da16,50s,90000
F,733.0,0,cc3de4666ec4e21e,30s,50000
F,585.0,0,12feaaf1b24fbf04,20s,70000
M,697.0,0,fbc194018205a6cc,30s,80000
F,667.0,0,c710fb48d7a15f47,40s,30000
F,653.0,0,da3ee34ddf043738,40s,40000
F,771.0,0,8ac5c9107841fa01,20s,30000
M,629.0,0,54c45ab38bdc2d5a,20s,30000
M,582.0,0,6e25d9a70c9ee8cf,60s,60000
M,736.0,0,c2a6990890616cef,50s,50000
M,581.0,0,5b006afb107eb625,50s,50000
F,545.0,0,a099d47b58cd02c2,20s,60000
F,744.0,0,f3526e30bc97e006,20s,20000
F,691.0,0,288115ad46d848b3,30s,70000
M,713.0,0,cc1fbc65fdd2c304,50s,40000
M,649.0,0,a0444f2373283aeb,40s,60000
M,583.0,0,c78410ee14bc0888,50s,60000
M,597.0,0,2d8183fe920dbfd2,40s,70000
M,661.0,0,b48543cea576eecf,40s,50000
M,591.0,0,8dbf4581ab815117,40s,10000
M,701.0,0,c3bfce950c882a0c,60s,50000
F,648.0,0,d351679283215c75,30s,50000
M,693.0,0,b4921e0d446d6f81,40s,30000
F,691.0,0,160996cb2f74b24a,60s,50000
F,707.0,0,f89b0630c9befeee,30s,40000
M,715.0,0,6fe35b52eade5fac,50s,30000
F,656.0,0,4e13693217db0d34,40s,60000
F,693.0,0,bc20f768b4e1655e,50s,40000
M,697.0,1,92a82ac4dbd525f3,40s,40000
M,510.0,0,003458c1a337b91d,40s,40000
F,725.0,0,d4a0a986db5a7715,30s,70000
M,690.0,0,0f33e9d8dbfe54d5,40s,50000
M,719.0,0,b70c1143939ac0d3,30s,50000
M,590.0,0,01274f50baa0e5ae,40s,40000
F,658.0,0,fcf4da1013c0a2d3,50s,60000
F,604.0,0,fa3961d7e4cf36b0,30s,70000
F,732.0,0,40b4ffe7b07a8606,30s,60000
F,582.0,0,5ceae53066afe6a6,30s,60000
M,615.0,0,1f2ced1e4b87da33,50s,60000
F,717.0,0,944242fa629e83a4,40s,30000
M,636.0,0,42c680bbfcbe27b6,40s,30000
M,615.0,0,c1ffa7ca7876fa16,20s,50000
F,743.0,0,b16213d5a79ea5e3,20s,40000
M,746.0,0,a2fe4715844bf3fb,20s,30000
F,731.0,0,7cfd8ff4965f1e95,50s,20000
F,739.0,0,b30b92f5a4a14474,50s,30000
F,664.0,0,66dba7e3d46fb009,20s,50000
F,666.0,0,a79efa9d35329af1,20s,50000
F,635.0,0,d06e055e25bd16c1,50s,40000
M,692.0,0,f2f3955b81c956a6,40s,50000
M,643.0,0,5052993d10ecd26b,30s,40000
M,650.0,0,e23a68ba5b0d7072,40s,70000
M,722.0,0,98935a237a69424b,30s,50000
M,763.0,0,ce366281a01500e0,20s,60000
F,708.0,0,152337ed0606b446,30s,50000
M,806.0,0,b03cb3c9f8127940,50s,20000
M,631.0,0,97d5ef7bc87be99a,50s,50000
M,551.0,0,80be802d1df2a87c,20s,30000
M,730.0,0,4a51cd539eb22812,40s,50000
F,626.0,0,a3fe85a67b3ab376,50s,40000
F,661.0,0,16529886640e0ecb,60s,60000
F,556.0,0,02a3f70dc479671c,50s,30000
F,617.0,0,16acd4a0ee4cc697,20s,50000
M,575.0,0,62c1ae344b20b54d,30s,60000
F,650.0,0,f2ceb2d3a88bee6b,20s,70000
M,652.0,0,17fa7687f24617ea,20s,40000
M,686.0,1,4125c2d13d51cd3d,20s,50000
M,767.0,0,c7fa598ede34dcba,30s,50000
F,727.0,0,f27122d71a37a381,40s,80000
M,566.0,0,46f21a4bc2be1f58,30s,20000
M,723.0,1,0c9181c6a533b9f1,30s,30000
M,673.0,0,63819a68266cc152,20s,50000
F,678.0,0,1cc06328b59cba33,60s,20000
M,694.0,0,6c3ca6b7dba9ac5d,40s,40000
M,632.0,0,bd442385b95d24c6,30s,10000
M,667.0,0,db60fb0e524fc657,50s,50000
F,763.0,1,83c400dc04ee2f88,50s,60000
M,631.0,0,28a0d0d85e9ba38c,60s,30000
M,608.0,0,671a158a781ad734,20s,40000
M,676.0,0,ef93483332b81d9b,40s,70000
F,601.0,0,6927755dbaab36f7,60s,20000
F,559.0,0,4830a195856bc9f2,50s,30000
F,656.0,0,8c5f16c5d39298fd,20s,50000
M,781.0,0,790f5d52ae284225,50s,40000
F,677.0,0,d2f8b0380531e3af,30s,40000
F,693.0,0,0256d8d563567536,40s,30000
F,531.0,0,ef24aabe531323c2,40s,50000
M,711.0,1,f7034b080fba095c,50s,50000
M,687.0,0,70b6f9fe4c56c5c7,20s,60000
M,633.0,0,e5009eb496b61705,40s,50000
F,693.0,0,004777519187ac15,50s,50000
M,692.0,1,6538f876af9fdbf6,40s,20000
M,606.0,0,51cd0a916d91fa1d,30s,60000
M,703.0,0,d99191a1ea457c4f,20s,40000
F,764.0,0,269f295c69b4ae84,40s,50000
M,664.0,0,cf87c640a4cd2931,50s,70000
F,619.0,0,a0720ede3b5f00e4,40s,40000
F,668.0,0,093b70368aec1292,60s,70000
F,740.0,0,cea57933ee4c5ab9,40s,80000
M,594.0,0,b0ef49ef455bcd0d,40s,60000
F,720.0,0,1700a51b489dc1ab,20s,30000
F,633.0,0,212277c2b0e2ce62,40s,10000
F,697.0,0,c00619de2d5fff40,20s,70000
M,640.0,0,1c6d30612711b7ba,50s,50000
M,640.0,0,202169ac1cc8cedd,20s,40000
M,787.0,1,d17daac506082ad8,50s,70000
M,581.0,0,0c8f13b868f1fc53,30s,30000
M,714.0,0,c7bb94326a014e2c,30s,40000
M,801.0,0,b4d48cb66b43d5cb,20s,60000
M,728.0,0,946f2f8245f93e97,20s,30000
F,587.0,0,e519a23ca10c3261,60s,50000
M,590.0,0,b150442bb315a34d,30s,70000
F,627.0,1,9b950f2612a03883,40s,50000
F,691.0,0,8d191e6b418d88f8,60s,70000
M,696.0,0,c50ab1b65d213416,40s,70000
F,591.0,0,78b1f86a81458719,20s,50000
M,619.0,0,c104e7a946c8a084,30s,10000
F,623.0,0,2455b9fda08a80f9,30s,30000
M,667.0,0,e2d710bdc2504512,30s,60000
F,819.0,0,5fada89b39757563,30s,20000
M,615.0,0,f4116e425f15d551,40s,40000
M,612.0,0,f6b381cf585cbb5d,30s,60000
M,601.0,0,5d3d6a250c6c82eb,30s,80000
F,724.0,0,736d525e3db39d52,30s,40000
F,677.0,0,6b6d19e4cec8d3f9,30s,40000
M,617.0,0,778f38db0e755886,30s,50000
M,655.0,0,31d31f8fc221720c,30s,60000
M,625.0,0,e2168a529499b278,60s,50000
M,701.0,0,bf1daab2c74216cb,40s,70000
M,850.0,0,016361f22a891e98,40s,40000
M,719.0,0,31fa2d0bf0e01f0f,60s,50000
F,673.0,0,fb6cfe29ebbd5b8c,40s,60000
F,633.0,0,8ef07cc107da899d,20s,40000
M,586.0,0,47f952df413b0975,30s,70000
F,731.0,1,e67efe09c22a55fb,40s,50000
M,728.0,0,04584ab6f19645d6,40s,60000
F,647.0,0,63e4f055a6671bec,20s,50000
M,765.0,0,5b830668e9b31d19,20s,60000
F,681.0,0,f1c2f560afcefc47,30s,40000
F,734.0,0,f81bcf60e347ac3a,60s,40000
F,701.0,0,ab99032fea075fe6,50s,70000
M,668.0,0,3a2f13401f9749c1,50s,60000
F,613.0,0,35037e867ea59e35,20s,30000
M,670.0,0,453c57cb48533486,30s,50000
M,739.0,0,587e106ff4b765c1,40s,10000
F,644.0,0,55ea5827402a5614,30s,40000
M,711.0,0,a3a606ae34cbd3a6,30s,70000
F,604.0,0,57c9f5a98cc1bff9,30s,50000
F,735.0,0,31515adf0d7b6a53,20s,50000
M,702.0,0,3d03e163ec15fc9a,50s,10000
F,596.0,0,afc6f36668d3dee0,60s,40000
M,664.0,0,a3bf572dc68f2624,20s,60000
M,745.0,0,e1943055c719ddae,30s,60000
M,592.0,0,a97094ff70b3bd87,40s,70000
F,605.0,0,43d98c505b50a479,50s,50000
M,675.0,0,6f118cf63f3b3bb7,60s,50000
M,829.0,0,525b1aab592d1a95,30s,30000
M,633.0,0,9e85ec027c9ac250,50s,50000
F,715.0,0,d29c6e548fb3ddca,60s,30000
F,698.0,0,46c436d8522b4cab,50s,20000
F,639.0,0,a5388dda098f8881,30s,30000
F,691.0,0,5a86746ec2c02da3,50s,80000
F,649.0,0,9d019bf1edf4786c,30s,50000
M,655.0,0,c724ab703e3786b0,20s,50000
M,564.0,0,a03a579626362f0b,50s,40000
F,678.0,0,58932fe4445b73c2,50s,20000
F,743.0,0,9a85c67b59abe67f,30s,70000
M,684.0,0,e4f7abd8822b792d,30s,10000
M,756.0,0,3678c9bd2ad93ab1,30s,40000
F,721.0,0,c8c09279d93b1e0a,20s,50000
M,676.0,0,bb162296b4720b36,60s,50000
F,636.0,1,8fa218bd41557b54,20s,40000
M,646.0,0,1615f3576365c5ad,40s,20000
M,577.0,0,bc25871148cbd260,20s,40000
F,661.0,0,1a8eefebbcb34ea2,50s,40000
M,690.0,0,817209ef7ecdf337,50s,40000
M,800.0,0,8a57bde2d7b11112,40s,70000
F,717.0,0,e3117edc79afdd0b,40s,30000
F,619.0,0,f143b109f07240af,50s,60000
M,579.0,0,e6282b028fa0c6bd,60s,50000
M,666.0,0,6142a2130fad22a6,50s,70000
F,737.0,0,f6c92824256c30ef,30s,50000
F,665.0,0,8a9466a5fb3d62a3,40s,60000
M,718.0,0,e7d35ac5bf5779f0,50s,50000
M,667.0,0,ae8f0c7c960434d5,30s,60000
M,730.0,0,8f3cf9bfb1f24c63,40s,20000
M,568.0,0,2938631dd897198c,20s,10000
M,792.0,0,bff286c76af6966c,50s,60000
F,602.0,0,f608dd2cafb1f517,40s,60000
M,736.0,0,e28b7fa6f0158971,50s,60000
M,661.0,0,25d24edf513d4db7,50s,40000
F,672.0,0,01f26301e536ac6c,20s,80000
F,663.0,0,8171a64dafa25ba5,30s,40000
M,698.0,0,f5cd470b80e7d48e,50s,60000
F,712.0,0,a9262cfca5c7906a,20s,60000
F,754.0,0,ed2728512d521718,50s,80000
F,779.0,0,3808ea94189671e1,30s,40000
M,703.0,0,031278d0c070fad9,40s,40000
M,800.0,1,da51aabf5ccd3b9a,40s,20000
F,687.0,0,57417a019704b53d,50s,80000
M,755.0,0,7b42dc81b81bcdd9,50s,60000
M,710.0,0,86036d0146bc7d3f,30s,60000
F,693.0,0,4723f193da832077,30s,60000
F,715.0,0,f276f6c9b21b6709,40s,30000
M,678.0,0,fdaeac90165b1cad,50s,50000
F,709.0,0,1213b8b2f1a1e836,50s,30000
M,741.0,0,4898062c893a53a1,30s,40000
F,678.0,0,d6938a107fdf2251,60s,40000
F,474.0,0,935bba95d6fd4475,20s,40000
M,797.0,0,fb4fd6eef10947cc,20s,20000
M,659.0,0,04488fe9d2b1d415,20s,80000
M,622.0,0,bd780eea1e1a10d5,60s,60000
F,601.0,0,8507102210b70223,20s,50000
F,656.0,0,7371f7f7e96fde33,40s,60000
F,641.0,1,9eb56e63d20c582c,50s,60000
F,628.0,0,415fd00fc6c3e8a9,50s,50000
M,632.0,0,9a853ca987ae5462,60s,60000
F,717.0,0,955de6745451c8c7,20s,50000
M,822.0,1,fe437b397935fc76,30s,60000
M,737.0,0,36af27b466da9748,40s,60000
F,759.0,0,44057974d3e66820,50s,50000
F,654.0,0,1193d2e657df3247,40s,50000
M,687.0,0,59ba01260fbf745d,40s,80000
M,710.0,1,15c7e8fd090e0d40,30s,40000
F,634.0,0,2c36d8a42d1f8859,20s,60000
F,650.0,0,c64fafa3746927db,30s,60000
F,740.0,0,e5d2782be74334e5,30s,40000
M,756.0,0,c85caac4807c69c6,40s,40000
M,685.0,0,cb1c2c2d5c784d92,50s,40000
M,596.0,0,805b7fd7fd4715b3,40s,40000
F,659.0,0,9c14498bfc19f310,40s,20000
F,579.0,0,7b3caf30a0b2b822,20s,40000
M,685.0,0,7a55bf410dcea934,40s,50000
M,698.0,0,31033cc06651d167,30s,70000
M,661.0,0,31aa113e67182422,20s,60000
F,697.0,0,0a6b41c4a1a9a6ec,20s,10000
F,709.0,0,040c0ec855c3aafd,50s,60000
M,698.0,0,e21e977d5f7ef09d,60s,40000
M,596.0,0,08122f56a52052df,40s,60000
F,662.0,0,ebb3b60b0bd003d9,60s,50000
M,709.0,0,73cc9f14506f52d0,20s,50000
F,791.0,1,6460c705c681b8cc,30s,50000
M,661.0,1,2cc60fa98a6b41c6,60s,50000
M,719.0,0,97f04c5da74dbeb0,20s,70000
F,741.0,0,42784ef2404a5659,40s,50000
M,666.0,0,b8bcf18a5444a12c,20s,70000
M,760.0,0,60f6124b9364f809,30s,70000
M,764.0,0,191cb80962b89dab,40s,60000
M,777.0,0,a54ae8fc4da6fa9e,30s,20000
M,712.0,0,45100899692d0119,50s,70000
M,845.0,1,48623d45c66210a5,60s,40000
M,637.0,0,0999b1fe80ed7838,40s,60000
M,829.0,0,dcee108d4eb2a9ab,40s,30000
F,734.0,0,740d74bb59e174be,20s,30000
F,774.0,0,2f5897b952851576,30s,90000
M,658.0,0,2718ab3a36ee9f13,20s,30000
M,739.0,0,6edea1d5b9d2ba59,50s,70000
M,780.0,0,a1ec55d1a4038f48,30s,50000
F,604.0,0,1dbaa556a49bca02,30s,40000
F,669.0,0,5943137439892548,50s,50000
M,530.0,0,88e456e641d26abe,50s,30000
M,668.0,0,57277131faaf4b6b,40s,50000
M,623.0,0,a761cb296bd99659,20s,30000
M,665.0,1,58a9433effc18988,40s,40000
F,850.0,0,9f46bc4c4bad01b9,40s,70000
M,800.0,0,98ae08177a8c2780,30s,50000
M,579.0,0,81b053525e89aa3d,50s,20000
M,719.0,0,824696a146dac572,60s,70000
M,736.0,1,7528682090a7dddc,30s,50000
M,656.0,0,6d2971c726c62afb,30s,40000
F,692.0,0,7dd97c6bb7580ec7,30s,60000
M,699.0,0,4997b248c198ebeb,50s,50000
F,586.0,0,f03231c56becb487,20s,30000
M,608.0,0,97a8d4ce6f91537e,50s,80000
F,692.0,0,881dc827a21b126e,50s,50000
F,687.0,0,ee7156193286bd7d,40s,50000
F,630.0,0,87d77634b03faa39,40s,40000
F,624.0,0,98a9ea00560907c3,50s,70000
F,674.0,0,fa8b9b5ffc5985ce,50s,40000
F,742.0,0,338c83ec6f7b7e90,30s,20000
F,675.0,0,cb0553f4613fe904,20s,40000
M,794.0,1,5d92aca56d425559,40s,70000
M,631.0,0,25d94737051b3cd1,20s,60000
M,694.0,0,88f2f2b2448733d1,20s,50000
F,655.0,0,ee0ea5784be8369e,60s,70000
M,721.0,0,83f99b01bf97e35f,40s,60000
M,625.0,0,6dfac30a8fe54632,40s,50000
F,815.0,0,b58917dc183ca562,20s,50000
M,562.0,0,ed0a5045f7ecfa51,20s,60000
M,800.0,1,a7273fd4676d68d1,20s,40000
M,686.0,0,3fc68f8a153095eb,30s,50000
M,719.0,0,96a7117017e7cd99,20s,60000
M,773.0,0,97812dbbd8f7d04f,30s,20000
M,740.0,0,888b53c0a0684034,30s,50000
M,629.0,0,a8a847c2ed0d24b8,40s,40000
M,722.0,0,7294baa8bd3030e7,40s,70000
M,811.0,0,102b8818930a59fe,30s,20000
F,618.0,0,f1a1251041ce0bfb,40s,40000
M,828.0,0,c06d5a634e0f3d96,20s,40000
F,707.0,0,806e3d80486d96ba,30s,70000
F,650.0,0,1d9764facc071cb8,60s,50000
M,617.0,0,29f056e469c6717c,60s,80000
M,664.0,0,addb5420601ad1b8,40s,60000
M,543.0,0,000dc8aae59a2dbb,60s,40000
F,651.0,0,7651d45b9d85ed06,40s,50000
F,662.0,0,ecfdb59af1a18ffb,20s,40000
F,605.0,0,6929c9c5ff398a98,50s,70000
M,732.0,0,43e3b75c76f86a0f,30s,30000
F,665.0,0,f87334a6ea0f1401,40s,40000
M,635.0,0,cfa06e239f3a8fba,40s,60000
F,657.0,0,95183eee67127bb8,30s,70000
M,705.0,0,fdefaf733c426537,50s,10000
F,685.0,0,aeb91f4f7979b195,40s,70000
F,631.0,0,1aae90a981751ebb,30s,50000
M,689.0,0,bbbf4f7415c2dce7,30s,20000
F,676.0,0,276fd8d03af54f27,50s,10000
M,600.0,0,58b8623a5becceae,30s,20000
F,660.0,0,f9ce729ed4cfb0e9,20s,50000
M,721.0,0,124ee545f7cf6174,50s,50000
F,720.0,0,53ad1906479b9dea,30s,60000
M,664.0,0,055b5fe7d08cb7a2,40s,40000
F,727.0,0,45cb1e3d79591499,50s,30000
F,611.0,0,c7978079fabbcc4b,50s,40000
F,614.0,0,644860cef8fa10d2,40s,50000
F,662.0,0,e495ae697db3bf04,50s,50000
F,785.0,0,441670f8756adb75,50s,40000
F,691.0,0,750e68163805a529,60s,70000
M,661.0,0,0bea4e6f690d7f4e,20s,40000
F,788.0,0,3d2c1d47b5d7aadd,50s,30000
M,660.0,0,da41429b5bb61b3f,20s,40000
F,836.0,1,8d31a022b2127dec,50s,70000
M,644.0,0,923ab38b46e87efd,20s,50000
F,609.0,0,b6ff523ead6d16ee,30s,40000
F,668.0,0,cd5779a0ac3a2dff,20s,70000
M,663.0,1,64cc40b2928e0dba,40s,90000
M,623.0,0,4ddb258d7baa756f,20s,50000
F,850.0,0,fbd28656fb54bf4a,20s,70000
F,702.0,0,2ef878101e01ac57,40s,70000
M,712.0,0,e67e6f81989f8278,60s,40000
F,648.0,0,800af139635803ac,40s,50000
F,640.0,0,485ed0a5786ae8f5,30s,30000
M,752.0,0,fac8b708e1417464,40s,50000
M,563.0,0,f1063377c9168f44,40s,40000
M,600.0,0,c301c22445d9a17e,30s,40000
F,663.0,0,5ac3c193abf2ec03,40s,40000
M,775.0,1,3a9aeed7d75390e6,20s,40000
F,654.0,0,e64761d329f2f899,30s,60000
F,709.0,0,0d756ff72973811d,40s,50000
M,682.0,0,08e3c7d26b6a3c85,30s,20000
F,771.0,0,632ed79da3f89409,20s,40000
F,569.0,0,efb7d6ec91983c2c,20s,20000
M,732.0,0,243e5958c013330b,50s,50000
M,666.0,0,44d0335266ec19e3,30s,60000
M,745.0,0,62acf31b1b611ebd,20s,50000
M,623.0,0,ecc4bb095fb53fdb,50s,40000
M,682.0,0,ddf93d0f924ab77d,40s,50000
F,673.0,0,25eb373786c6dc2a,30s,40000
M,610.0,0,32e198c082246f89,50s,30000
M,590.0,0,c37b799b0dd3e93e,30s,60000
F,639.0,1,9c0365cd0aa3e02b,40s,60000
F,689.0,0,7a1a6c3727ae6741,50s,70000
F,627.0,0,d66f2790d0640512,40s,40000
F,657.0,0,251db63be58a3638,20s,70000
M,548.0,0,4cd97f2c321f6ea8,40s,40000
M,654.0,0,bb512d696f063324,50s,60000
F,752.0,0,6cf3cd44f1abcc55,20s,40000
F,729.0,0,e749117640306ae6,20s,50000
F,674.0,0,8d7d679141ed8a60,40s,10000
M,697.0,0,5bafd8a9154bfea1,20s,40000
F,622.0,0,abf39cf91d0e71b9,50s,50000
F,794.0,0,a331ea913d886a4f,20s,40000
M,825.0,1,6b2ed3feb6e72e81,60s,80000
F,692.0,0,c4037ebdb45989f6,40s,30000
F,850.0,0,4b539561ded87fb7,30s,40000
M,632.0,0,64dd4c8801f3629e,30s,30000
M,592.0,0,e97f1efe8512d282,30s,40000
F,630.0,0,de7aefd23227c3db,50s,70000
M,665.0,0,69ea85d38c2b047e,50s,80000
M,842.0,0,c631f72eeabc5232,20s,40000
M,660.0,0,8d8fc94d655ced53,40s,40000
M,620.0,0,ea2bda299a7e040c,60s,30000
F,617.0,0,1061263bbc67246b,30s,70000
F,760.0,0,ec1edbe9f3cd2151,50s,70000
M,750.0,0,c56ebe0667b94b1f,20s,50000
F,646.0,0,ccab7851aa50c646,50s,20000
F,549.0,0,b1e9fa4b20b9e578,20s,30000
M,601.0,0,b968b3569743c2e9,30s,50000
F,800.0,0,76babbcc4b3a377a,40s,60000
M,728.0,0,a67ef4a4b06c6fde,30s,10000
F,685.0,0,8c59989c76b0f845,20s,40000
F,811.0,0,5b6af6d1b772c27f,40s,80000
F,817.0,0,0da570f5267d1fa3,20s,50000
M,677.0,0,49ff6854afb793bf,60s,80000
F,679.0,1,dcb62c5ce7daeecd,20s,60000
M,639.0,0,14a187baadc88f2d,30s,30000
M,660.0,0,9e35a144eefbe3f3,60s,40000
M,576.0,0,36b1584f17eddf8d,20s,50000
F,576.0,0,a03854beb6d235ef,20s,30000
M,559.0,0,6d98f9f35b33698f,50s,30000
F,756.0,0,499e571da8ce558e,20s,80000
F,571.0,0,102feab41ce197b8,50s,30000
M,816.0,0,abd6131d228dbefd,30s,70000
M,629.0,0,b86423ef7d9119fe,50s,40000
M,802.0,1,8beef10cf1871025,30s,50000
F,654.0,1,f153305242790be9,20s,60000
F,570.0,0,e6575bfe2220ac6a,60s,40000
M,770.0,0,19d1db50686262ca,50s,60000
F,778.0,0,db3a0a08b4472e08,60s,10000
M,617.0,0,e0c42a3502d9736e,30s,60000
F,657.0,0,fe86d87f0b75bcb4,30s,10000
F,617.0,0,a99e9022f25632b1,40s,50000
F,672.0,0,96a6c0477c1e2a50,30s,70000
F,688.0,0,92e994445ea6c447,30s,60000
F,655.0,0,63a959f887f8941a,30s,30000
M,553.0,0,3ffe92acc57ec972,40s,30000
M,639.0,0,ec78570c4cb6e35e,20s,40000
M,729.0,0,7496e8f071f34590,30s,50000
M,665.0,0,861c88c4b13dcc03,30s,10000
F,657.0,0,bdf820abeeba9017,20s,50000
F,615.0,0,a4a7ad51a2c101f3,20s,60000
F,637.0,0,b600436f211e4c2d,40s,40000
M,779.0,0,5573a6c5d0914d2d,20s,60000
F,600.0,0,e11cce0875452d22,30s,50000
M,730.0,0,29debe1bc94f0054,40s,40000
M,683.0,1,c3a6de0ec447ea2e,50s,20000
F,697.0,0,ec040b6e3f1514b4,20s,50000
F,629.0,0,96934fb961b4f643,30s,30000
F,655.0,0,2f03a97c64ad7053,20s,40000
M,680.0,0,fa3876e2a0049f83,30s,60000
F,644.0,0,0a0b9dc8cb280277,40s,80000
M,703.0,0,3a591ec54cf00cad,50s,50000
F,712.0,0,25b2e2881fd721bc,30s,60000
F,832.0,1,86c5e178e6615dea,60s,20000
M,699.0,0,12ec7eba15a0fbc2,20s,50000
M,546.0,0,41765d39b138f187,20s,50000
M,761.0,0,20c840208318bd26,20s,70000
F,666.0,0,50bd29aab6e8f8f7,30s,40000
M,821.0,1,38554c749bfd1798,20s,50000
F,783.0,0,022d41a79bc7b96d,20s,70000
F,645.0,0,789305ce66a6837a,30s,50000
F,731.0,0,665ae86b2fe3ac3f,60s,30000
M,638.0,0,8172d7744b24695e,50s,100000
F,680.0,0,1c2f2520e11b43c7,20s,30000
M,727.0,0,ccafbe8a40b80f37,60s,50000
F,758.0,0,fc60a19589984213,20s,60000
F,743.0,0,715442e0217c0332,30s,50000
F,685.0,0,765ff97ec2873277,30s,50000
F,850.0,0,03e8b86335e55890,30s,50000
M,654.0,0,dfe5fbe8f4c69911,50s,50000
M,567.0,0,6eb0d05c7fc863ed,50s,30000
M,581.0,0,3c95df58b7ee3155,40s,90000
M,783.0,0,312b7cba6f5fb859,40s,50000
M,675.0,0,09d3a78e67440624,50s,60000
M,691.0,0,27e11800d0f159e5,20s,40000
M,642.0,1,fe2b05295667c50b,30s,40000
M,648.0,0,c994d0b1c8df2f05,20s,40000
M,625.0,1,286634896aa23c14,50s,20000
F,713.0,0,3cf7ececc2e8d30d,30s,50000
F,673.0,0,d633785d0202fdbc,40s,40000
M,710.0,0,89e61cf04c7f81d2,40s,70000
M,704.0,0,f69cf5e218941e5b,30s,30000
M,650.0,0,df989620684e841b,20s,40000
F,578.0,0,ef4332b7d2958e2c,60s,30000
M,572.0,0,10863b282e9f1636,30s,80000
M,850.0,0,8ab58674f5036443,20s,30000
M,783.0,0,89c8fc080fb04d6e,30s,60000
M,774.0,0,2449f8db56c8e611,50s,70000
M,633.0,1,cec34249f0a2daec,30s,50000
F,681.0,0,106d4099bb0917e8,60s,30000
F,623.0,0,59e048810554f9e4,40s,30000
F,588.0,0,7c09f11c39834cd8,50s,70000
F,639.0,0,ca69bd5f68a4ba1d,40s,30000
F,773.0,0,a15863c4fab3ba6c,20s,60000
M,739.0,0,9725f70a3d83ad0c,40s,50000
F,612.0,0,5598a69f36ae7d67,30s,60000
M,658.0,0,49469169ef6eef40,20s,60000
M,732.0,0,af463f8fa0058901,40s,30000
F,640.0,0,376164b9a4b37e15,20s,30000
M,686.0,0,996f3db4d52b4da5,50s,60000
M,708.0,0,943fe4170b43e5e4,50s,40000
F,707.0,0,11da417c12eb1448,20s,10000
F,698.0,0,0afb26f734217f2e,40s,60000
F,634.0,0,e6445b738f1bc647,40s,30000
M,641.0,0,229acdf909bc932e,20s,60000
M,601.0,0,cd106a6b9a3e810a,30s,80000
F,571.0,0,d54e961345718a5e,30s,50000
M,672.0,0,29b8f2a9af41e9a5,20s,70000
F,737.0,0,f6f5d8cfa449a7ed,50s,50000
M,583.0,0,cef3c996747f19f4,30s,80000
M,699.0,0,b0f03119c581cace,50s,30000
M,735.0,0,2a1c729ce1518803,40s,50000
F,551.0,0,b2c575faa291ee19,50s,60000
M,661.0,0,27ad4e2e8e0a37db,60s,50000
M,795.0,0,5a4733140257d298,40s,70000
M,719.0,0,150081877b17fb05,30s,40000
M,549.0,0,21da9cfe6d69ba10,30s,90000
M,726.0,1,52e6ae593331cc0a,50s,90000
F,628.0,0,fca777f0423ee9f5,30s,60000
M,728.0,1,6eda6e2de494ae52,40s,60000
F,632.0,0,69edc392975fa61a,20s,70000
F,676.0,0,81b124038520a0f6,60s,30000
M,642.0,0,f9cc63b2aa82f4fa,40s,30000
M,680.0,0,c6e3c8e8356460cd,30s,70000
F,640.0,0,65cff31a15387559,40s,50000
M,664.0,0,e5e5f43e22b30c4e,30s,50000
M,598.0,0,b99cafe403dd402e,20s,50000
F,714.0,0,67ec050709242d2e,50s,10000
F,692.0,0,7c5ad8eea80ca63e,50s,50000
F,567.0,0,12c333610c7ae834,50s,40000
M,750.0,0,45d5887f5c64ff18,30s,70000
F,668.0,0,848165ff033a7605,30s,70000
F,691.0,0,478a104f92b39a27,20s,60000
M,734.0,0,9aad3e8090120800,50s,60000
F,703.0,0,f42f56409f15c192,30s,20000
M,762.0,0,2436b7b56059e187,50s,60000
M,659.0,0,41b5f42c4a1c8587,50s,60000
M,752.0,1,8605ce8566999c09,20s,70000
M,716.0,0,fdb2f5f7062100fb,20s,20000
F,708.0,0,c030eb79fa77cbeb,40s,40000
F,767.0,0,4327659c9f1a0e7a,40s,40000
F,730.0,0,2011a435d18e9fa0,60s,50000
F,649.0,0,4c0c390e3a735d32,40s,50000
F,635.0,0,e4e5f9f76c3db519,50s,50000
M,677.0,0,b63afa25b97e9c3e,40s,70000
M,627.0,0,d978d1100c202c8d,50s,30000
M,606.0,0,79d10be33b81968b,50s,30000
M,531.0,0,599a959d5299223d,50s,30000
F,572.0,0,425d1fc6932742d9,30s,40000
M,819.0,1,efe3859dd6c8e5c4,30s,30000
M,634.0,0,c56c335514289bb5,60s,50000
M,813.0,0,691f343d9d8e5145,50s,50000
M,708.0,0,4dd1e79f67ac3d29,60s,40000
F,677.0,0,dbc456058b994856,40s,70000
M,575.0,0,ae8c141d4293cd1f,60s,50000
M,680.0,0,c7596bf8fcb673d5,50s,70000
M,812.0,0,779d6d68d4bb6102,50s,50000
M,789.0,0,89188758aceacb49,20s,50000
F,699.0,0,e786622060e9ec45,40s,40000
M,600.0,0,875903a40d6333c2,50s,50000
M,613.0,0,3dd2549c6297c33e,50s,60000
M,620.0,0,32738cbe09674440,60s,40000
F,769.0,1,8a9877be3b3b1ccb,30s,60000
F,794.0,0,23d1079a264aecb2,30s,40000
F,694.0,1,2cd9ea6f4a4bf7a9,60s,60000
F,659.0,0,0bfdbf7bc9d3987d,60s,40000
F,788.0,0,2dd7f2be99a8a2fc,20s,70000
M,611.0,1,a99a426bf95eb046,30s,50000
M,684.0,0,de42d85d411085ff,60s,80000
M,712.0,0,fe0eed0955b60bd4,20s,30000
M,620.0,0,e6f1dfe3e8796253,50s,20000
F,635.0,0,390e278d8481c0c8,20s,40000
M,630.0,0,96cece587d6ee1fd,20s,30000
F,779.0,0,e5d9b854da5d284e,50s,30000
F,814.0,0,f60560edd2973dcd,40s,60000
M,688.0,0,34d5055e715ba45c,40s,50000
F,661.0,0,c4ab7bd0108aa304,50s,40000
F,638.0,0,96b7185f3c773c05,30s,40000
F,680.0,0,2b3eebf70ac2d08a,40s,40000
M,641.0,0,3b88d19ccedb9e3e,40s,80000
M,673.0,0,e65d26f27d50ba2f,50s,40000
M,709.0,0,e9d8771ef6affac6,30s,30000
M,652.0,0,3e6103df2ef22706,40s,60000
M,667.0,0,a0a8303a9ba1029d,30s,50000
F,667.0,0,611f9038af23861f,40s,90000
F,658.0,0,7c7663a28d8d5f9d,50s,40000
M,649.0,0,bfc5f33b100de05a,30s,70000
M,733.0,0,1cc9ddd4f42410b9,40s,70000
M,556.0,0,01ad67a250800f63,60s,40000
M,790.0,0,03c655c0861e63fd,50s,40000
F,689.0,0,3d767d272a646807,60s,60000
M,723.0,0,f2b12fe81a8967cd,40s,60000
M,731.0,0,d1a7fe713d8c517b,30s,20000
F,630.0,0,504e91ddfdb2b1e3,60s,30000
M,616.0,0,6d69465fd34cd503,40s,10000
M,608.0,0,000081fb3da03dd7,30s,60000
F,663.0,0,7bad87340c90b95a,30s,50000
F,729.0,0,1c1619ad93ddc986,30s,50000
F,639.0,0,64a1ef041f548389,50s,20000
F,723.0,0,50d0991324aeaa85,20s,30000
M,514.0,0,dbadb55a462ffaf9,50s,40000
F,653.0,0,ae122bac085bd8ba,40s,40000
F,762.0,0,60a1c51abf2e2e8f,20s,50000
F,668.0,1,915c8af9fb12230b,40s,60000
F,622.0,1,fb7c6c64232d39c3,50s,90000
F,634.0,0,2110c69753829128,50s,50000
F,468.0,0,b21ede769561b7c9,40s,70000
M,609.0,0,918143fcd03ce2f4,30s,40000
F,754.0,0,e22a35b5f0dc4b0c,20s,20000
M,639.0,0,c4f1458d78d64092,20s,40000
F,647.0,0,c3869312e3cb64f3,30s,20000
F,517.0,0,16dab3181030c1e1,40s,50000
F,566.0,0,8a3b198b4079db24,20s,40000
F,763.0,0,24c18cb25d286830,60s,10000
M,723.0,0,b810bf2f0ea2fd99,40s,80000
F,589.0,0,d1a4620127b0282e,30s,40000
F,636.0,0,959e1716d81a4f86,60s,20000
M,678.0,0,2c96b901fa09d619,20s,70000
M,596.0,0,c7fd2aeaaac40478,60s,40000
M,540.0,0,aa53f612bd6fd9e5,30s,70000
F,669.0,0,60fa9fee5fa4ef2d,30s,40000
M,720.0,0,858ecdf752868d17,30s,40000
F,721.0,1,07a34d49f500369a,60s,60000
M,741.0,0,e064a60509263a4c,30s,60000
F,571.0,0,a925f72ec96bc1f5,60s,60000
M,684.0,0,fabeaba6c742b6fd,30s,50000
F,661.0,0,638d1bc5a9ce49b4,30s,60000
M,674.0,0,b7a3ebeec43408d1,40s,60000
F,665.0,0,fb5eb00c5583e220,50s,50000
F,634.0,0,5ee1b8c50df66a24,30s,50000
F,469.0,0,6ad0960890da448c,20s,20000
F,761.0,0,d35d2a17b819e4fb,30s,60000
M,703.0,0,68abb8c08ef4e716,40s,50000
M,576.0,0,a896025a1ad20061,20s,40000
M,713.0,0,55a6111b1b14c573,20s,70000
M,649.0,0,d82d9a3f00f7375c,60s,20000
F,651.0,0,7f73cac10839f635,20s,80000
F,626.0,0,b65b56f7ed3c60a7,30s,50000
F,718.0,0,9b83aa3f1b26d4be,50s,60000
F,624.0,0,9053d4e5afc1bee7,30s,40000
F,603.0,0,b3bf71fde3c28c03,40s,20000
F,759.0,0,0f4e9f12ff0b8256,20s,50000
M,667.0,0,59d6167bc161dfaf,50s,60000
M,670.0,0,4e8ac0b23c911992,40s,60000
F,728.0,0,13ec91ff7169ff8f,50s,50000
F,633.0,0,a190a06a914cf479,50s,10000
M,647.0,0,f1f00a9c71b31479,30s,20000
M,701.0,0,f25f6f72e58054a6,20s,90000
F,572.0,0,06b91b590ad4ad54,30s,30000
M,695.0,0,19d87ad6324e5633,20s,80000
M,627.0,0,3f71458dfb1505e5,40s,30000
F,740.0,1,eca923718847188b,20s,50000
F,718.0,0,2f4b8e408d524be2,60s,60000
M,709.0,0,1fe5f024229129ba,40s,40000
F,568.0,0,0afb860c971f54eb,30s,80000
M,673.0,0,d24f40921eec5eda,60s,50000
F,598.0,0,8e2ed3abd43f73d2,50s,60000
M,677.0,0,9935d7e076c266ff,30s,50000
F,518.0,0,b256b9195edc6cf4,20s,60000
M,572.0,0,cd1ddf4970e022b9,30s,80000
M,763.0,0,5c11afa154dc2512,40s,50000
F,706.0,1,9bfd7915a6fa4174,50s,80000
M,655.0,1,745df1548a39471e,30s,40000
M,616.0,0,0ddbdc9c0a9b7d76,50s,60000
M,604.0,0,7ef7c5e0be8be9ba,30s,60000
F,694.0,0,30f89f976d2efb4e,30s,30000
F,656.0,0,890a2b53bc5aea21,30s,50000
F,788.0,1,c2b88b34262399e3,20s,50000
M,667.0,0,9ed65edf51b3cc5c,30s,30000
M,684.0,1,22bc45f86405fd3a,30s,60000
M,583.0,0,35ee3be82a6989fd,30s,50000
F,655.0,0,225235e2fd2eb7f8,50s,50000
F,692.0,0,d2d7ba5717de9037,30s,50000
F,654.0,0,6b47dc60d7db8612,50s,50000
F,646.0,0,032a27147b5eecc1,50s,40000
M,703.0,0,4fabb2a3dc3e2447,40s,50000
F,786.0,0,23e02e8418a688f9,30s,40000
M,690.0,0,6f6bd3382a945597,50s,100000
M,760.0,0,3697536628dacdcc,30s,20000
M,724.0,0,effb56360c9e7517,30s,40000
M,756.0,0,4c0a4d52b1816362,50s,40000
M,637.0,0,a94718dce9289328,30s,90000
M,666.0,0,f75e5b7189342e2e,50s,30000
M,666.0,0,155359274130da03,20s,60000
F,718.0,0,eb3710175674d489,40s,50000
M,735.0,0,2fabc300feed1734,50s,60000
M,689.0,0,2a0c39d9c5c859a0,50s,70000
F,741.0,0,7d49468d8e44630f,40s,70000
F,641.0,0,230cd565661afe80,50s,40000
M,742.0,0,451c42d34183b727,30s,50000
M,751.0,1,8b89921ae57db90e,30s,20000
F,727.0,0,ada03defcd229593,20s,50000
M,689.0,0,1251f905b3469598,50s,40000
M,730.0,1,e615df1d72c401d4,50s,50000
F,617.0,0,27a8ec362788cc89,50s,20000
M,694.0,1,644934de78d90091,50s,60000
F,701.0,0,65dc41ce6b7b8496,20s,20000
F,587.0,0,221c3cad2c793237,40s,50000
F,713.0,0,b72ed26c5ca084f0,50s,30000
M,593.0,0,6c319a0ff028adb3,20s,30000
M,650.0,0,9ee60055b0110c64,40s,70000
M,683.0,0,8e7e1ac6244935bf,60s,60000
M,629.0,0,87c8a06bf6449981,30s,70000
F,686.0,0,137ec942285ba953,50s,80000
M,685.0,0,536f34ee7a59c241,40s,40000
F,623.0,0,30d8d7cadd034644,40s,80000
F,720.0,0,2d14d1d6e987b3e6,40s,20000
F,627.0,0,55bd19e0d31c4aaa,40s,60000
M,840.0,1,8e1b597b41c95486,50s,40000
M,672.0,0,ae63aeb75ab82e34,50s,30000
F,598.0,0,e3c8d3da1ee65aa4,30s,60000
F,611.0,0,8b7adc1fa5d6960e,60s,70000
F,760.0,0,fb07954d8fc18aed,40s,70000
F,651.0,0,18f4d3a643a2912b,40s,50000
F,585.0,0,840180102073ce27,30s,50000
M,740.0,1,6a66aa6d1e241ceb,30s,60000
F,651.0,0,2b309d64ef969575,40s,60000
M,726.0,0,f80bac38d36ec9dc,30s,60000
F,745.0,0,95220283e3c0f02a,30s,50000
F,699.0,0,0d55a16b7c7276b4,50s,70000
M,848.0,0,33e1c4868b8cb19d,30s,20000
M,559.0,0,10ba858ca4ff52e0,40s,50000
M,623.0,0,6cbdc2bee95c1887,20s,30000
F,662.0,0,814a28f8b7d55db5,20s,50000
M,838.0,0,c2b009eaa22cc8df,50s,80000
M,806.0,0,8505e09773a6f49e,20s,40000
M,770.0,0,d92bee05cc2f02b1,50s,50000
M,624.0,0,27e724331ef91b4c,50s,60000
M,633.0,0,5126a260f5666b97,40s,10000
M,622.0,0,3c9ef9fcf516b1e2,50s,40000
M,625.0,0,3dda9ee54673a033,30s,60000
M,784.0,0,95a34c07d51c9c4e,60s,10000
M,663.0,0,1feed234809382d4,30s,30000
M,672.0,0,9d3fd9334dd70f7e,30s,70000
M,734.0,0,3dea834c3855c84f,30s,70000
F,564.0,0,54166990b96fe73b,50s,60000
M,684.0,0,8035c6725db43fff,20s,70000
M,603.0,0,724a45ec4f5d0199,50s,50000
M,659.0,0,d21e0ee17974c227,20s,60000
M,639.0,0,17ed5496dc936e10,30s,40000
M,635.0,1,41062896fefae973,40s,50000
M,696.0,0,eafdaab594e7af1a,20s,40000
F,695.0,0,ec5c9b526ca142b9,40s,70000
M,665.0,0,785da93724c3b3f6,60s,80000
M,706.0,1,7f52e667bbf8278d,50s,70000
M,619.0,0,241594375518fd33,20s,40000
M,728.0,0,811988e9d57cfc4a,40s,30000
M,666.0,0,690363358698f9d3,40s,70000
F,646.0,0,c683466be04c5091,20s,60000
F,624.0,0,1a1e3765773a5ed1,40s,60000
M,663.0,0,a95b27f5d957b20a,40s,40000
M,811.0,1,f2970cba1bdcea99,40s,60000
M,676.0,0,b4d2e0ebbdc22cf3,30s,30000
M,600.0,0,66d2eb0edd295255,30s,60000
F,744.0,0,204ea6e07dac9e82,50s,70000
M,647.0,0,6f28156b7fd3b3e8,50s,80000
M,700.0,0,43f5d14d56a68879,20s,60000
F,638.0,0,79e357d0e41b1d8a,20s,30000
M,770.0,0,e560b16461047c96,40s,50000
M,639.0,0,e888c16afbb1e639,50s,90000
F,778.0,0,7c8b71b0a89c7623,20s,30000
M,607.0,0,b54dd5bea30e10ed,20s,50000
M,659.0,0,cd71eea7873e9e57,50s,80000
M,778.0,0,2ed429d853ea7617,50s,60000
F,692.0,0,3e71fba0a04d877c,50s,90000
M,839.0,0,8de134a95c50179d,50s,40000
M,661.0,0,b4351baed7b02ec8,60s,30000
M,698.0,0,02e00b8de2a31519,20s,70000
M,813.0,0,8718c227b88b0276,30s,30000
F,574.0,0,9bd93ed5eb6b6e9a,30s,50000
M,565.0,0,d2b01443d0611e8f,20s,50000
F,624.0,0,c3f6451d42f93bf3,50s,70000
F,737.0,0,d892174bc03cf64c,40s,60000
F,567.0,0,7ad0fa8c46e7fabb,20s,60000
M,722.0,0,4c24c913162a5014,20s,40000
F,717.0,0,0b1f3591723645d1,20s,70000
M,753.0,1,7058a8fb6efbc8df,40s,60000
F,705.0,0,06a185df0d4ffc13,30s,50000
F,775.0,0,19d36da6f4fef40e,60s,30000
M,718.0,1,9265c1615fbb4904,20s,40000
F,648.0,0,d955d2575661be08,40s,50000
M,600.0,0,cfc6a93e1cece3d2,30s,40000
F,640.0,0,41acff7b3b9062b1,30s,50000
F,677.0,0,2e1f44a9fd9bf10c,50s,80000
M,692.0,0,9adf9e8918338713,60s,70000
F,531.0,0,290181a2ed67eeb3,20s,50000
M,665.0,0,ffe264f1c024baff,40s,30000
F,682.0,0,62e1dae7d6c3b3d2,20s,70000
F,718.0,0,f221fa9bebdfe638,30s,50000
M,794.0,0,afb24053d70d1a86,40s,20000
M,693.0,0,d874fde0e9a1dd4b,30s,60000
M,616.0,0,4a6ec476d13fc370,30s,70000
M,553.0,0,78661d1ddd22872c,30s,10000
M,728.0,0,7442cd26d033fed6,30s,40000
M,619.0,0,f0e9a6e620f4d78e,30s,50000
M,741.0,0,8c1582b5d7da1e64,30s,60000
M,778.0,0,8ca349a302c4100b,50s,40000
F,572.0,0,f27b44090fb5f82d,20s,40000
F,719.0,0,9204482f4b58f3e5,20s,60000
F,770.0,0,a27a0541d80be563,40s,40000
M,751.0,0,cf97ab887b841d99,40s,60000
F,533.0,0,3c6c34194665a32d,30s,30000
F,620.0,0,e784a8365da92b35,20s,30000
M,590.0,0,a4590f6173c0191f,40s,60000
M,717.0,0,16c7b678eca73eb1,30s,50000
F,709.0,0,491492a34ab799b4,50s,70000
M,491.0,0,f56331aecb46dbbf,20s,40000
M,659.0,0,3433ac5aab8c83e6,20s,40000
F,736.0,0,2e5a3183f258d64b,40s,70000
M,690.0,0,fb83d04b5a9e1477,30s,20000
M,690.0,1,3624be62180b6685,50s,70000
F,654.0,0,6a457af97dd20d1b,40s,70000
F,606.0,0,57bbed46dc6de6a1,30s,70000
M,679.0,0,1926f54390add5d3,20s,40000
F,684.0,0,cb1cb2382a3f2145,20s,40000
F,723.0,0,afad7ddece65155f,50s,50000
M,729.0,0,c35ac0a2d549f39b,20s,30000
F,686.0,0,b4fc2db9b4b4640b,40s,30000
M,757.0,0,3fb3f72dd59bffc2,50s,60000
M,654.0,0,fff8f1de65ecc803,50s,60000
F,579.0,0,217a10cdddc4b1f0,30s,30000
M,713.0,0,8bb3dac613f338c3,20s,60000
F,689.0,0,ac0d5b3cd14c8955,50s,60000
F,715.0,0,c9f9c0e51dcedfef,50s,80000
M,591.0,0,6c31b0be2d246340,30s,60000
F,805.0,0,bb50fee202e379c8,40s,70000
M,730.0,0,ee61f2ad97361c36,20s,60000
F,660.0,0,14d45c515be851c8,50s,70000
M,615.0,0,3f815e261be9962c,50s,30000
F,755.0,0,407e0e94e1c566ba,30s,50000
F,603.0,0,4ed9996f69194b42,40s,50000
M,838.0,0,35a4a56b2ee11f2a,30s,50000
F,637.0,0,149925d496ccf7bb,20s,60000
F,800.0,1,b130330c3c55f1c5,20s,60000
F,667.0,1,92a04f68bc8117ce,60s,60000
F,791.0,1,5b33f42d50e4a680,40s,50000
F,629.0,1,37731c7efaa3bab7,20s,40000
M,681.0,0,c0150a3f3dba3a90,20s,70000
M,736.0,0,1fbcc6ffb88afcf4,30s,60000
M,726.0,0,356de032aec33f60,60s,30000
F,757.0,0,6f2d9f7a9e659ec0,30s,50000
M,646.0,0,cef7c83ed256a716,60s,20000
M,686.0,1,510aedd21f6b22c9,40s,50000
M,767.0,0,5b323e7e53e28836,50s,50000
F,631.0,0,60e40107ec872194,50s,40000
M,720.0,1,8ec9ddb9e834f41d,20s,80000
F,665.0,0,34b7ec85b3946d2f,20s,30000
M,694.0,0,5cb9e7107317dfb9,60s,60000
F,686.0,0,ae97e011f3839caf,60s,90000
M,625.0,0,61817f6c8be61423,20s,70000
M,662.0,0,869d405b619f2e57,40s,50000
F,690.0,0,c91a52e9989c3ab8,60s,30000
F,673.0,0,e96140ca4aa7c860,60s,30000
M,790.0,0,484559c5df5acc99,30s,40000
M,751.0,0,9fd408ce3b6f32a1,50s,40000
F,700.0,0,555cfc54860ee536,40s,40000
F,627.0,0,9c60bee310eafb0e,60s,40000
M,622.0,0,1b5cf97d7fc24464,20s,50000
M,818.0,0,79de3478f695ae38,40s,60000
F,609.0,0,f7be6902157f8b6b,20s,30000
F,688.0,0,9ffefc758ea79d9e,30s,40000
F,705.0,0,3bbd9e1404e3af7b,20s,50000
F,658.0,0,14394826b5e884e9,30s,50000
M,610.0,1,158036c585d6da8e,50s,80000
F,625.0,0,de6a7c181f2d8c40,40s,50000
F,642.0,0,0a6dce5fb3f4e7b0,30s,20000
F,630.0,0,20199c31d04f2d79,30s,60000
M,773.0,1,649ad9f7e84331c8,30s,60000
M,679.0,0,69024ddb09a75eec,50s,50000
F,643.0,1,a24a62564c84a2af,30s,30000
M,687.0,0,b0fb9445ebf09974,20s,80000
F,727.0,0,8fce6fb59e95b40d,40s,30000
M,656.0,0,091b0c044911f3ef,50s,60000
F,743.0,0,ee7204dba462f1d5,40s,50000
F,591.0,0,05ef003029e62dc3,20s,60000
M,762.0,1,651ebe77834bd563,20s,80000
M,679.0,0,282098782e3154bc,60s,60000
F,677.0,0,2ed8d3c5a17082e3,50s,40000
F,631.0,0,99ddcfb3b30d50eb,20s,70000
M,594.0,0,920e56ed200920b2,20s,40000
F,563.0,0,f3344d13ea9854e8,20s,50000
F,627.0,0,53cc14bc91148f7b,30s,30000
M,721.0,0,9a01c33ce96366a2,50s,30000
M,613.0,0,2f41efeb79a5c4fa,20s,50000
M,572.0,0,82c43fc2e2e55a27,50s,60000
M,616.0,0,fab19ed37d12a76b,20s,20000
M,653.0,0,d73c179527438c62,50s,60000
M,656.0,0,3aa40e4d00135446,30s,40000
F,671.0,0,439e507e0acc296c,60s,70000
M,752.0,0,a3835a7cdce8f34c,40s,40000
F,767.0,0,b22db9ea1160cc98,30s,30000
M,820.0,0,bc2b608096932841,30s,50000
M,566.0,0,4a1e83713f337941,50s,30000
F,620.0,0,81a33d23c2d1afab,30s,70000
F,729.0,0,d22924463e044e9f,30s,50000
M,648.0,0,d99c691ee8ebedab,50s,50000
M,740.0,0,70e3f4e24df3f969,40s,60000
M,694.0,0,663e99a909775d74,40s,30000
M,791.0,0,eb6b85df53b78ec0,30s,30000
M,753.0,0,074c22fa40f425b3,20s,60000
M,754.0,0,b294b7b2f29e1001,20s,30000
M,651.0,0,3194c35ff3a8af96,20s,30000
M,673.0,0,111777e47a4fe650,40s,70000
F,659.0,0,a0afb6adf31fc25e,40s,60000
F,575.0,0,e24b4fd591fd70a0,50s,30000
M,783.0,0,ccf4497f518f7005,50s,40000
M,732.0,0,d8737ea6442295df,20s,30000
M,656.0,0,29b0cc652c5e9d26,60s,80000
M,771.0,1,a10346f9db4aebfd,60s,70000
F,636.0,0,589a6d8cf7be413c,40s,40000
F,551.0,0,3b9e2e2b3f835d8e,40s,60000
F,751.0,0,e11071c633c6be82,20s,30000
F,591.0,0,a82e850772fed7b1,20s,40000
F,666.0,0,2b1e6e0a539a9c90,20s,50000
F,694.0,0,864ff73f3400633c,40s,60000
M,707.0,0,8fbbcc8596ec6b4e,30s,50000
M,739.0,0,895fc01532a30ae8,20s,50000
M,721.0,0,1a6ffabab3e5f32f,20s,50000
F,718.0,0,504934e7ef8c4bf5,20s,50000
M,625.0,0,1e4d70ab426dc38f,40s,40000
F,701.0,0,50927f4b05fa9bd1,50s,40000
F,575.0,0,51b1c69114fe18b3,40s,50000
M,789.0,1,3034d34a96e277cc,20s,60000
M,582.0,0,ae7d64dfa129fb63,20s,50000
M,656.0,0,43399913039738fc,20s,30000
M,588.0,0,53696e5f806362e3,50s,30000
F,629.0,0,b3aa1026ece3fe69,50s,60000
F,681.0,0,7d66f1ca69b9c0d1,30s,80000
F,643.0,0,0c0b001d483aa689,20s,50000
M,760.0,1,f282261e659c6214,30s,40000
M,696.0,0,23d00b4f455e78d5,50s,50000
M,648.0,0,9653e7f710b36e5a,20s,30000
F,671.0,0,411b525eb00d8a43,50s,70000
F,765.0,1,0afd291805d3bbe6,40s,50000
M,744.0,0,7631fb0be1f824a4,20s,40000
F,600.0,0,1213bfe8ab91d0d6,60s,50000
M,632.0,1,f5f7d99ff3f58e2d,40s,40000
F,713.0,0,adacb020d78679b9,40s,70000
M,705.0,0,b8cadb554fee30aa,20s,50000
M,606.0,0,a316dfcfbcfdd479,30s,50000
F,732.0,0,1e0c227077cc054f,40s,60000
M,618.0,0,adb6545fee2698f6,40s,40000
M,771.0,0,56adeab15a06af71,20s,50000
M,717.0,0,a7638b0074a3a3f8,40s,50000
M,601.0,0,8d02ab547c68463d,60s,20000
F,643.0,0,888d9dbfde544d63,50s,50000
F,642.0,0,f053db1e199aeb6d,20s,50000
F,691.0,0,1e91035f4d2d3303,60s,50000
M,666.0,0,2122fc6f0e2a2449,50s,50000
M,600.0,0,d3789acd226fba61,20s,50000
M,582.0,0,55872d73424a7307,20s,70000
M,718.0,0,e11b13028bc2358b,60s,30000
M,700.0,0,40d68270efbf84c5,20s,40000
F,687.0,0,5440f6b0e8a98b78,20s,60000
F,699.0,0,fa2c1f33fa076da0,30s,60000
F,637.0,0,af50fad25b796848,40s,60000
M,850.0,0,bfb1588a36a3eb0c,40s,60000
M,762.0,0,3826e3ad249becd2,60s,70000
M,660.0,1,6580b9c6deacffbc,50s,40000
M,643.0,0,561f121029787f99,20s,30000
M,480.0,0,2f04ceeb2669ef37,20s,40000
M,755.0,0,2bb483f341d6b184,20s,60000
F,735.0,0,8fc13389a05db459,30s,60000
M,642.0,0,049f17239b394532,30s,60000
F,580.0,0,953deece9e0c8849,60s,50000
M,599.0,0,3d42f9215fb8c828,30s,40000
F,711.0,0,e1a1fbb9e52a4bc2,20s,50000
M,674.0,0,a72fb1cd1196f3e9,50s,60000
M,728.0,0,d3c5ac47a0197d14,30s,70000
M,686.0,0,9ea624fe47b3c205,60s,30000
M,748.0,1,a9adad6366d8e66e,50s,60000
F,706.0,0,0764819d838556e2,50s,40000
M,738.0,0,4aef3b34c3a9e6b5,50s,60000
F,534.0,0,282548c1b5a29e58,20s,50000
M,594.0,0,9d2131ecd90c73ed,40s,80000
M,654.0,0,b0d634be3202edc6,30s,40000
M,756.0,0,4b6079e9b791bb96,40s,50000
M,812.0,1,007a7f450cc39faa,50s,60000
F,669.0,0,c61386f2cacd8291,40s,30000
F,637.0,0,369944ff825b27a8,30s,50000
F,543.0,0,bb4329d253ae3e71,60s,50000
M,740.0,1,b105b4f3547be0ab,40s,40000
M,641.0,0,67df203881326750,50s,40000
F,850.0,0,eef7bc1c4af0597c,30s,70000
M,628.0,0,cdbea70d9e1dfbc5,50s,40000
M,827.0,1,e8f83db320ac4363,30s,60000
M,732.0,0,e34ca38f62703263,40s,60000
F,608.0,0,1369926b94920ebc,50s,20000
F,696.0,0,435015731b9c8385,30s,60000
F,734.0,0,f1b223b75d6aad73,30s,20000
F,664.0,0,68d73e1d369d1c6b,60s,60000
M,739.0,0,2748250c4ca85ff5,60s,40000
F,737.0,0,1198e4713929a23d,30s,50000
M,722.0,0,afe9b45421e435bb,30s,30000
F,679.0,0,6ab6d173f3def6a4,30s,50000
M,598.0,0,5f80bc15e5984c9c,20s,70000
F,675.0,0,e9c477717b11fc27,40s,40000
M,692.0,0,a7d4df573757d0d5,30s,40000
M,549.0,0,c7ae00900d968357,50s,60000
M,692.0,1,33bc9e3fe3ada013,20s,60000
M,673.0,0,686e2bd0fce27433,40s,10000
M,589.0,0,156621eef56dea44,40s,90000
F,657.0,0,65386aa3ed0cf5f7,40s,60000
M,658.0,0,e46fc8bd49fa8cb3,20s,60000
F,815.0,0,e657efa5b4788c4b,40s,50000
M,695.0,0,7c09586bcd1f19f2,40s,20000
F,753.0,0,59f6515f8f14de40,30s,60000
M,672.0,1,8b949f24acf0a673,50s,40000
F,549.0,0,b6e57289805d12f4,40s,60000
F,727.0,0,ad4fbd2f8867172c,30s,50000
M,634.0,0,1b27c280983c3c7a,20s,50000
F,657.0,0,6e986d63ec55a098,20s,40000
M,606.0,0,c4876abd91ecbe5f,40s,70000
M,685.0,0,5fa9ba61ab58f446,30s,30000
F,755.0,0,91b8c58fd9e27439,50s,90000
F,745.0,0,3da7bac42d878b63,50s,90000
M,791.0,0,3786f0bd27f76a00,20s,80000
M,801.0,0,4740b3cb8705a107,40s,70000
F,537.0,0,9479c4b28dce7167,30s,50000
F,596.0,0,235ef30a285a1fba,20s,70000
F,553.0,0,4ca5b0f0c2fcdae5,40s,50000
M,724.0,0,74152ad5d835ff9a,40s,20000
F,631.0,0,8fec54a0958bdad8,20s,80000
M,646.0,0,802e3a1be884bf00,40s,70000
F,665.0,1,1a839e38b48dd830,50s,50000
M,707.0,0,eae08db1ef9cb394,30s,30000
F,576.0,0,bbe81b450134dad6,30s,40000
M,592.0,0,9ecf233658fa2001,20s,20000
F,680.0,0,9eba433b9152332e,20s,70000
F,764.0,1,e3e5954feebaceab,60s,20000
M,678.0,0,6061a68321b19f60,40s,60000
F,625.0,0,10a049af61202950,20s,30000
M,530.0,0,c1027f777cdaae6e,40s,20000
F,747.0,1,5c5f58427b54d876,20s,50000
M,628.0,0,74e8c93008b6a257,30s,40000
M,600.0,0,71f0c0e28f514b30,20s,70000
M,560.0,0,ec8eca89057dd383,40s,30000
M,579.0,0,0b0effc3b24d4f09,40s,40000
M,613.0,0,49f9658ade3ec527,40s,10000
F,663.0,0,78addc289ccba151,30s,10000
F,595.0,0,4ecf6d5a2da92975,30s,80000
F,693.0,0,5739da490add55ee,30s,90000
M,663.0,0,5b646cfa0231bdf9,20s,50000
M,836.0,0,c044f399456befc9,30s,40000
M,561.0,0,60472abbf79a7920,30s,40000
F,691.0,0,88d7a774b5796e47,40s,70000
F,692.0,0,d4ade3132f335a0e,20s,40000
M,608.0,0,26acf40a0d72e345,30s,50000
F,687.0,0,45b34b51bffad8e0,50s,50000
M,734.0,0,6904645c95b90cc6,60s,40000
M,687.0,0,a78aa4a8fb8f20fc,60s,40000
M,777.0,0,7795a3896562dc8d,30s,60000
M,528.0,0,df3eed71a24d805d,20s,30000
F,621.0,1,0edf8494b746961e,20s,60000
F,783.0,0,1247ea2e8a3a5241,20s,40000
M,744.0,0,6d5a4c77221fa09e,60s,50000
M,718.0,0,eccb88711b031051,50s,70000
F,766.0,0,c33630d813d20feb,50s,50000
F,546.0,0,9251f7c39df20187,50s,70000
F,736.0,0,250863af9468909f,30s,20000
M,755.0,0,482a53d53c6c41aa,40s,40000
F,634.0,0,3cecf816448a6f30,50s,50000
M,850.0,0,48bb6aa6308b5e68,50s,80000
F,694.0,0,333f44ec2fa03c15,40s,10000
M,527.0,0,82450b31ded00c4f,50s,50000
F,707.0,0,edb5c9de54a7ff95,30s,80000
M,630.0,0,fbfdc6c51b40ec7e,30s,40000
M,762.0,0,51cc0322de22e113,50s,50000
F,718.0,0,8beeb8223777b435,30s,60000
F,638.0,0,079ddecf9ab7b01b,50s,50000
M,785.0,1,513dc5c930f9062f,30s,80000
F,746.0,0,008f45c6dff313f5,30s,60000
F,622.0,0,5490d5d72d426a20,20s,70000
M,669.0,0,b5d4ae1aa5de89ae,40s,40000
M,716.0,0,ef881991cc2682b8,40s,40000
M,655.0,0,f4b8b923af316a3c,30s,50000
F,657.0,0,b0535979b26143b9,50s,30000
M,683.0,0,060b1de061e66553,20s,60000
M,605.0,0,efc5c8783c599ba3,20s,40000
F,524.0,0,f2aec4b7f3ea46fa,60s,40000
F,697.0,0,67a0da5e862de00f,40s,60000
F,541.0,0,c12f3f5fcaa24788,40s,30000
F,610.0,0,4b39d3496f46f779,20s,60000
F,556.0,0,0be39eca301d3215,40s,40000
F,565.0,0,a624fc0bebdd89e4,30s,70000
F,710.0,0,d16f95fddae4978e,40s,40000
M,664.0,0,c9719ce18d9c7065,20s,60000
M,662.0,0,7f522b1f33a53b62,40s,50000
M,588.0,0,e9dc2bf6ff091998,40s,60000
F,634.0,0,ad197d26443691dd,30s,50000
M,706.0,0,84a19a62913515ae,20s,20000
M,676.0,0,9e906dd65dcec83d,60s,70000
F,738.0,0,f74dd41efbbf1adf,50s,50000
M,748.0,0,9c1ba6cd55c2ac3e,40s,60000
M,662.0,0,92ea143f175832a0,50s,60000
F,550.0,0,514f3af78496da1f,40s,40000
F,627.0,0,0dd58855e5749dde,20s,30000
M,673.0,0,49fcf8bf407328c8,40s,60000
M,626.0,0,2f932e9d880ebecc,50s,40000
M,606.0,0,9c92882421b2f874,30s,70000
F,685.0,0,6104b9ed51d11ff6,60s,50000
F,850.0,0,eb504159ffe0256c,20s,70000
M,646.0,0,49f7891acc1997f1,30s,60000
F,680.0,0,8764e8c27f181290,30s,60000
M,588.0,0,d7ecc912def4ea11,40s,40000
M,767.0,0,5f20349afda669ea,20s,50000
F,741.0,0,8b7d523aa3b5f10a,30s,70000
M,736.0,0,0055cabd3c6bb295,40s,50000
M,775.0,0,091c747e43d36197,30s,60000
M,650.0,0,d4f0c600723afa05,50s,50000
F,659.0,0,933a562eb4ade343,50s,50000
F,800.0,1,4c4fc68c980a6233,30s,80000
F,724.0,0,109e137e6391f040,40s,70000
M,525.0,0,db49e40602c68b3b,30s,50000
M,712.0,1,bf0f4457d9db1e7c,30s,50000
F,639.0,0,c890c0a0dbed6a2b,40s,40000
M,743.0,0,a04168dbc6524354,30s,50000
F,709.0,1,9f850baa8dc3a5f0,20s,60000
F,558.0,0,1748216ed9b31616,30s,70000
M,699.0,0,79c1cb7ae936be95,60s,60000
F,695.0,0,e7c80da311c83384,30s,30000
M,705.0,0,3c8ddfa8db3fd521,30s,70000
M,720.0,1,b9b787a0ce932436,40s,50000
F,785.0,1,1ea9e22ba7e0ad5d,20s,30000
M,709.0,0,5a065a32a69e85d1,30s,70000
F,682.0,0,9ce4fbc959837b5b,20s,80000
F,760.0,0,3fb48495b21648cc,60s,50000
F,837.0,0,bdfa66443ca9e4f5,60s,60000
F,744.0,0,0769862151364be6,50s,60000
M,694.0,0,368a3058138bc47b,30s,80000
M,710.0,0,84b1a4aa8e2e88a2,40s,60000
F,698.0,0,d71bc369ded74047,40s,30000
F,681.0,0,e448bc954886f85a,50s,90000
M,832.0,1,731b290ac94cd7b3,20s,70000
M,628.0,0,3627ec6ddb12c717,50s,40000
M,761.0,0,2b5a97d93d6cca2b,20s,30000
M,671.0,1,0815b2a3f46eff08,40s,60000
F,576.0,0,85281cedd89a9f9d,50s,40000
M,667.0,0,c1eba404e7032a67,20s,60000
F,642.0,0,8404dd4a7bc3635c,20s,60000
F,720.0,0,74f264b6a80c06a9,50s,40000
F,686.0,0,4935ae904551cdd7,20s,30000
M,608.0,0,5088a993f91d2b95,50s,60000
M,783.0,0,50227a0a11099850,40s,40000
F,756.0,0,73d2cf79e4031b31,30s,50000
F,791.0,0,cf63d978a4b97065,50s,30000
M,697.0,0,d84280f62e0bd914,50s,50000
F,677.0,0,312d8236cf8e32a2,30s,60000
M,729.0,0,95139b9ce355e576,20s,60000
F,640.0,0,cda96870fe7a3bc8,20s,40000
M,689.0,0,b6442db4edbb031e,20s,30000
M,668.0,0,1126f9667fd9a54e,60s,50000
M,578.0,0,63dc6250e97a6a3d,40s,60000
M,689.0,0,234bf515c5b2a10a,40s,60000
M,649.0,0,ca33944df8bc0905,30s,40000
M,663.0,0,e823fe86ac4c3937,50s,60000
M,705.0,1,35c6ec2c64706e8b,50s,80000
F,769.0,0,b13966e3f446b944,50s,50000
M,621.0,0,9503ad4080a96427,40s,20000
F,656.0,0,4c4c53a3393dac95,50s,50000
F,626.0,0,cb25f9f79640f134,40s,90000
M,622.0,0,29a77982c66728fa,30s,30000
M,638.0,0,e551fdfce0f1e3cd,40s,50000
F,666.0,0,95a0d7894ed52ed2,30s,50000
F,721.0,1,3e4a21b9a36389d6,60s,50000
M,702.0,0,669632ddf253fba5,50s,50000
F,606.0,0,87011a6b6695985d,50s,70000
M,771.0,1,083d46883aa9e71f,50s,50000
M,746.0,0,04b517fc92a86a31,30s,70000
F,617.0,0,2a34b71ea8f56c52,60s,50000
M,766.0,0,399d92f21f239cfa,20s,40000
F,703.0,0,fb2f587b3bbdaacb,40s,40000
M,669.0,0,42d6123d519f2475,20s,20000
F,705.0,0,41a6e9bdd331db70,30s,50000
M,678.0,0,7085c1da38457b17,40s,90000
M,718.0,0,fc5ff6a9f9020259,40s,60000
M,693.0,0,eefdaf765ab2b281,60s,60000
M,656.0,0,b97f1e7138afa126,40s,40000
F,538.0,0,cbe40e327464168c,30s,50000
M,717.0,0,9abf33b39a1e85d8,30s,70000
M,654.0,0,c89b1813be0a87b5,40s,90000
M,734.0,0,1f85fd7d7413a7b0,50s,80000
M,714.0,1,b76c0c3f10d0ccb1,30s,60000
F,656.0,0,53b576347d8f62cf,40s,50000
M,752.0,0,eb01a23b42cbfb3f,40s,50000
F,694.0,0,7a9c5a783998e24b,20s,40000
M,691.0,0,21bf43612e3ea449,60s,20000
F,670.0,0,e810621709c4789e,40s,30000
M,798.0,0,63708116667602b8,30s,50000
M,630.0,0,0770b7f36cf8fcc6,40s,40000
F,657.0,0,dc4d3f2054733bf1,40s,20000
F,593.0,0,e9a5836a8f5b7a70,60s,50000
F,731.0,0,7403cc57aff1a34f,20s,40000
M,639.0,0,262b7bfc730a2fe0,30s,30000
M,647.0,0,9acecfa4d149ccfa,20s,40000
F,644.0,0,80690b7c296fe27d,40s,40000
M,684.0,0,69369b1ad3207a68,40s,40000
F,592.0,0,d55109ba92b97a3a,40s,70000
F,523.0,0,9d5e22d91b18b7e7,60s,20000
F,712.0,0,2591a3d4a04b4ca5,40s,10000
F,532.0,0,9e9090f62ae1ae11,30s,50000
F,740.0,0,25365e58ac3e3e97,20s,50000
M,789.0,0,f082dd6280d06eb5,30s,60000
M,669.0,1,d330bdf8fbad8a67,50s,40000
F,771.0,0,ff5e840e98d0b1a4,30s,30000
M,678.0,0,055a2e4b2867add1,60s,50000
M,792.0,1,c6b9dfdf1aadaafe,40s,40000
M,648.0,0,38016e0377bf7028,40s,80000
F,514.0,0,6431020880ccb73f,30s,40000
F,674.0,0,7f52ed6afaeb3c01,40s,50000
F,800.0,0,be5f26371bb9b67a,20s,90000
M,717.0,0,2110f397702e8bd7,20s,50000
M,644.0,0,937f5723457a42ca,40s,60000
M,703.0,0,6f643d39e2f637db,40s,60000
M,748.0,0,64e752a226e5c51b,40s,60000
F,674.0,0,e9ae6fa7f27e1035,30s,60000
F,850.0,0,9b62b41822162b02,30s,50000
M,644.0,0,2eeab5ea83ee4b15,50s,50000
M,750.0,1,142be897faab6758,40s,40000
M,733.0,1,bdb728343caf8441,20s,60000
F,631.0,0,941b6c9355b5a083,30s,90000
F,650.0,0,809e06c793cc7fea,50s,70000
M,751.0,1,3559e29d2a845eea,50s,60000
F,690.0,0,5e7368cbd8f1eb6e,30s,70000
M,704.0,0,9736843161d7aa0d,60s,30000
M,565.0,0,97986c7f0dfaacda,40s,50000
F,726.0,0,76deb5a691dd83f3,30s,70000
M,700.0,0,128431b2660f2cfc,40s,80000
M,676.0,1,ab538c9752f61265,50s,40000
F,705.0,1,6f2c16a51c02081f,20s,40000
M,651.0,0,4f9ab54b587c9f90,20s,90000
F,639.0,0,11539f268c358969,30s,50000
M,663.0,1,ef41716819024cbe,20s,80000
M,648.0,0,67c3a8e9b45a2864,50s,50000
M,833.0,0,0259b6da76db2f6a,60s,50000
M,744.0,1,84c7ccba8c083836,40s,40000
M,612.0,0,07ae8c99c683c6b1,60s,70000
M,823.0,0,e4840c21dcce5126,20s,70000
F,650.0,0,e8c930d88b79fdb0,40s,30000
M,682.0,0,6dd40cb718081e09,30s,40000
M,743.0,0,46fcb0ddff83288f,30s,70000
M,542.0,0,1257826cfc138556,30s,50000
M,663.0,0,b350b49c91a858d5,40s,40000
M,640.0,0,4ddd4b929eebe6b6,40s,70000
F,694.0,0,8585999d27703bc7,20s,70000
M,706.0,0,d30ab561be0ce189,40s,40000
F,675.0,1,865bfbd0eb5ef280,60s,50000
F,671.0,0,c8651b1df2a5e86b,20s,30000
M,755.0,0,eb4f2f9c65c1ad2c,50s,30000
M,701.0,0,abb5ed4ffa24048b,40s,50000
M,683.0,0,d6265dc097e76f26,30s,50000
F,690.0,0,59f10b9038228a2c,50s,30000
M,809.0,0,73f9044885e8f66d,40s,40000
F,692.0,0,ddaf7ed4344a6048,50s,30000
F,644.0,1,c3b178548cf82583,20s,60000
F,546.0,0,790064ac873d530f,20s,10000
M,580.0,0,e9c7f3db7a98a284,40s,30000
F,647.0,0,d0310f25d11989b4,30s,20000
M,672.0,0,39ab0795e4dd6d47,30s,60000
M,641.0,0,c7b77591d3b9d424,30s,20000
M,705.0,0,763f7018f7d7a9db,50s,50000
F,640.0,0,9283393611ec1722,20s,80000
F,616.0,0,40fef63dd188bdfa,60s,80000
F,723.0,0,661f3d50ec03f976,30s,20000
M,776.0,1,491708885025c7c1,20s,60000
F,602.0,0,3ff0d72ef64cde24,20s,30000
M,697.0,0,761c427cf4d60765,50s,30000
M,547.0,0,2dff28de9be50fb3,20s,50000
F,577.0,0,f2de62cb494ab639,30s,70000
M,639.0,0,7c60d3f5547021a3,40s,60000
M,759.0,0,61f52cfed9393009,40s,40000
F,625.0,0,3ead3cb516f1e28c,30s,60000
M,623.0,0,2477c8ef2d7e64cd,20s,10000
M,683.0,0,591c837d9ade4928,50s,40000
M,683.0,1,b37ecd5abb7ad8f1,40s,40000
M,625.0,0,995b463d6cfe8bbb,20s,50000
F,819.0,0,ded4dfc8b0af9780,20s,50000
F,661.0,0,a691d349b4ff3a3e,40s,50000
M,688.0,0,5bf6be834ffcd0dd,20s,50000
M,652.0,0,e455c906d09dea8e,30s,50000
M,711.0,0,70009991c55526fe,20s,60000
F,766.0,0,dbbf00b3aba796a6,50s,50000
F,796.0,0,23538c4cb0781ce8,40s,40000
F,627.0,0,13063f655b05f016,50s,60000
M,757.0,0,516dbff873c1ddf4,20s,60000
M,718.0,0,8aae56aacc88ce9c,30s,40000
M,748.0,0,066e916fbe765caf,30s,50000
F,674.0,0,878ecd68e4c49d70,40s,70000
M,667.0,0,8b6d719a953d95dc,50s,30000
F,746.0,0,824d01996e47c4f9,30s,80000
F,747.0,0,a6787c4262cc4668,50s,30000
M,790.0,0,833b1dbca3c99f68,40s,40000
M,694.0,0,b61dc149d6b7d59b,50s,30000
M,673.0,0,e0dfaa9da844a32a,20s,90000
M,508.0,0,737e6d32549638b2,60s,40000
M,567.0,0,86becc1a1e7f14f8,30s,40000
F,652.0,0,3d144cb1ae5e731c,30s,40000
M,603.0,0,f72ba58ab2aad647,20s,50000
M,737.0,0,eae4b5b451846a10,60s,40000
F,588.0,0,fddbc2acf0c98749,50s,50000
F,645.0,1,e30a557ea7c0352f,20s,10000
M,648.0,0,c007d601bac1f035,30s,50000
F,764.0,0,29ae9b84999429f4,50s,50000
F,637.0,0,96cedb2041d544ca,40s,70000
F,712.0,0,b02c2afbe4c59c49,20s,70000
F,694.0,0,94fa1f628a1aa713,30s,50000
M,743.0,0,40e17b5c0e267667,30s,60000
F,740.0,0,a7ea4474fd1de6bc,30s,30000
M,678.0,0,7d1066d94ce1e9c9,60s,60000
F,561.0,0,a8911a02dce416bc,20s,40000
F,664.0,0,bdba5c34c8efc422,50s,30000
M,679.0,0,33238f5bbd3f1a8a,60s,50000
M,700.0,0,616e99372de8e3f9,50s,80000
F,628.0,0,130003c4749df8ca,50s,50000
F,760.0,0,5e268afa392bde92,20s,80000
M,681.0,0,8b44069c43e10c49,20s,40000
F,616.0,0,8ab9391381508802,50s,70000
F,648.0,0,11316fa399e613e8,50s,40000
M,815.0,0,baf9be8a796a25ad,50s,50000
M,727.0,0,da93a7ad38c93b45,30s,50000
M,753.0,1,ac4b04a6fc40f8c4,40s,60000
F,607.0,1,66f1e310f1da7890,20s,50000
M,632.0,0,9231081ce77a7ca7,30s,40000
F,632.0,0,e0103fe3b2c366fa,40s,70000
M,693.0,1,a353fe66f378d552,20s,80000
F,668.0,0,3eac84b03766d523,20s,40000
M,646.0,0,d19230671d08e5b4,20s,20000
M,655.0,0,1a1390d8c7bad7de,20s,60000
F,624.0,0,ea7ff158dc644324,60s,40000
M,667.0,0,9778cf362b1868e1,50s,50000
M,758.0,0,f681f283af96fd1b,60s,60000
F,574.0,0,3349eada14354840,30s,40000
F,704.0,0,4cb4339502b2a0f2,40s,50000
F,777.0,0,b0a53f0419f6950f,50s,50000
M,667.0,0,c187157a1b61929c,30s,80000
F,643.0,0,222e7bb5463626a5,40s,50000
F,745.0,0,c9115fd2cf7d461e,50s,30000
M,611.0,0,0f1c0963332a4fa4,50s,30000
M,678.0,1,ff14cd4ba28372e6,60s,50000
F,607.0,0,ed7b3389b1011212,40s,30000
M,549.0,0,96b58fe131641624,40s,20000
F,669.0,0,b3e4d5e6013f0663,50s,60000
F,592.0,0,b9a07ba37799d66d,50s,60000
F,679.0,0,a6de8b3eb7fb0bc9,30s,40000
M,758.0,1,05f50944ab8a37ff,40s,60000
M,810.0,0,fb7f808d7e886aa3,40s,50000
M,687.0,1,4b2f64d615726893,30s,60000
M,751.0,0,127f427c553223a5,40s,60000
F,708.0,0,5f26a51d0f352253,40s,10000
F,653.0,0,01024828a11d5e40,50s,50000
M,545.0,0,0bbedc017a83aba8,40s,60000
M,794.0,1,dc6693331f053213,20s,40000
F,607.0,0,7fb6f7ef155f8a39,60s,50000
M,777.0,0,499e8f3762c28cc5,40s,60000
M,718.0,0,ab0fb3f6ee221438,30s,50000
M,612.0,0,cfc4a163f4407dc6,50s,80000
F,702.0,0,d85285f80798cbf8,30s,70000
M,829.0,0,fd0e40acd3ed2844,30s,50000
F,787.0,0,a5eaea7909d41b32,50s,50000
M,644.0,0,2f0370e423706915,50s,10000
F,630.0,0,a7acd25595c4de3d,40s,40000
M,687.0,0,d20560202d4a87f2,30s,30000
M,668.0,0,62d2b944713a3d88,50s,50000
M,764.0,0,408497e4a9ae2c29,20s,50000
M,732.0,0,0b1250e43f290666,50s,60000
M,562.0,0,16cea964c1f3ae0c,40s,80000
M,712.0,0,cf916cc7a476f71c,50s,50000
M,667.0,0,96101499722b12f2,30s,90000
M,683.0,0,14ff7d9d97f14ffd,50s,50000
F,697.0,1,9c790eb6fa33b282,20s,30000
M,764.0,1,ef9a003d5b8d757a,50s,40000
F,748.0,0,923a0eed58ff6569,20s,40000
F,628.0,0,b5137dfa776910cc,40s,60000
M,676.0,0,57290a37c272577d,20s,30000
F,649.0,0,59acaee8024eb33d,60s,40000
F,562.0,0,505c55605562456b,50s,50000
F,672.0,0,842351325c0d74e6,20s,40000
M,809.0,0,d799ce105e20b90e,50s,60000
M,560.0,0,c2d361459c9173b3,30s,60000
M,678.0,0,78f5fa498889fb01,40s,70000
M,676.0,0,04b2897ec3f9433b,20s,40000
F,700.0,0,44432949a155442f,20s,70000
F,613.0,0,0390dfad9c295a08,30s,30000
M,580.0,0,d84db04167e75599,40s,30000
F,583.0,0,26935819402ebb2d,40s,30000
M,773.0,0,f512a829e87eb0c4,50s,50000
F,611.0,0,4836b851e083ace4,20s,70000
M,645.0,0,c3a44d54863eb58c,50s,40000
F,827.0,0,f27c77d21d9a6746,20s,40000
F,629.0,0,4d9993b51cceef79,30s,50000
M,704.0,0,218b8a99bee7b4f1,20s,60000
M,754.0,0,56f7afb185793b5d,20s,40000
F,751.0,0,1424590ebd8e12a0,40s,40000
M,587.0,0,526fbfe8435ee354,50s,30000
M,630.0,0,30da5d8eb47c52f5,40s,40000
F,701.0,0,6740cf3b0564d340,50s,70000
F,815.0,0,75ae2c915212eebf,40s,50000
M,627.0,0,9014a9b77ce3e178,20s,40000
M,645.0,0,31d2dc7c27b90e34,30s,70000
M,709.0,0,e2f2a2695cd9d089,50s,40000
F,723.0,0,929dc1a5301932c5,20s,80000
M,728.0,0,7edd4b9d19b3aa45,20s,80000
M,621.0,0,2fa7c8b03e34a68b,50s,50000
M,643.0,0,e73c5b085ad5042c,20s,20000
F,695.0,0,ecdcdb61d380a495,60s,90000
M,768.0,0,6e22a21213fba560,50s,60000
F,663.0,0,ab78153691cce53c,40s,40000
F,678.0,0,8face14bbf2be357,40s,70000
F,608.0,0,86bbb6737ff6c966,20s,60000
F,810.0,1,96801ab6ed1512e8,30s,70000
F,691.0,0,e86fce689ba52573,50s,40000
F,755.0,0,b3894ad1a7c35e70,50s,60000
M,682.0,0,c17e252b4c043fbb,30s,30000
F,686.0,0,40ff64d594d478de,50s,60000
M,575.0,0,e3256277a71ab6f1,50s,50000
M,529.0,0,8e6464a651b0cf90,20s,60000
F,768.0,0,93aa69fc395115a0,40s,50000
F,685.0,0,5db5025399363e4f,40s,50000
F,694.0,0,d89bdb74f0ec1002,40s,30000
M,593.0,0,b9a519f58c7851c5,50s,60000
M,617.0,0,f98eec09a119ab02,50s,80000
M,754.0,0,a88a2431c957f244,40s,40000
M,802.0,0,684ca63adfeb881a,30s,60000
M,637.0,0,767e53dee202a218,60s,60000
M,727.0,0,fc9cfc0cb137e5c8,60s,50000
M,693.0,0,0f5edeb20a59f878,50s,20000
F,672.0,0,c4e9568d958e8a07,40s,30000
M,810.0,0,86b476460bd022f2,20s,40000
F,648.0,0,ec5e0fbd7bdd0249,30s,10000
F,767.0,0,b554d717490cdf45,20s,80000
M,707.0,0,daaefb6c2d1e0b1f,40s,60000
M,679.0,0,70ecf1f0fd13cea5,50s,50000
M,776.0,0,4516caaa4915567b,20s,10000
F,700.0,0,5057c3c75409aff5,60s,20000
M,673.0,0,03c9244afe044d76,20s,50000
M,777.0,0,c6f067df1d770eb4,20s,90000
F,767.0,0,05d6091a9edcbb6c,60s,40000
F,764.0,0,3f9f3bb6f2f7e987,20s,70000
M,408.0,0,2a02ae5d76b9e0fe,50s,40000
M,711.0,0,dea22c5be79a8a55,50s,50000
M,695.0,0,bbdcd2654844056a,30s,70000
M,678.0,0,81c08f17260c0fdf,20s,40000
M,723.0,0,7e276441d534cfbc,30s,40000
F,698.0,0,2e3c488858ff8179,20s,80000
F,727.0,0,c94cf28f34fd9157,40s,50000
M,661.0,0,f0ef883bb831773a,50s,70000
F,785.0,0,1e1084b87849525d,60s,40000
M,735.0,0,3438a335166222c7,50s,80000
F,718.0,0,dcec30f236a83781,50s,50000
F,715.0,0,38e1c47d21f53c8f,50s,60000
F,761.0,0,0da4b5ac7112431a,50s,50000
F,752.0,0,753fabea9ac55c5f,40s,40000
M,672.0,1,33eaffcc8333b7d3,60s,50000
M,749.0,0,988bf8a481dc321c,30s,40000
M,692.0,0,2df7fbb2dec985c5,30s,70000
M,814.0,0,ab2d35d264a59345,50s,50000
F,757.0,0,50aedcd223f11e66,30s,20000
M,636.0,0,55eb5ecf0330a48f,30s,20000
F,843.0,0,7eb68755c38b6cd7,20s,20000
M,533.0,0,fc93e65931de285f,30s,60000
M,725.0,0,ce22915df207be76,40s,30000
M,631.0,0,c49dcd5f99898909,50s,60000
F,812.0,0,66b2b8f7011657d9,20s,50000
F,698.0,0,f16a71095e0d85be,40s,50000
M,624.0,0,95f9d30a669e5852,50s,60000
M,661.0,0,3c597d28325c94a9,50s,50000
F,630.0,0,9ae679e35e1dbe54,50s,10000
M,659.0,1,28fab2210014f968,20s,40000
F,657.0,0,6e58316ee0b755f3,40s,60000
M,627.0,0,85c75f24005590c1,60s,80000
M,699.0,0,6d216f9771bfd62d,50s,80000
M,707.0,0,1dbefeb7e9d5c54a,40s,30000
M,610.0,0,3028021fcc9d8f14,60s,40000
M,564.0,0,210b2a606054dbba,40s,20000
M,702.0,0,617fdb896936bc87,20s,80000
F,717.0,0,2cf840300bfe4a32,60s,70000
M,731.0,0,4d2026415e168eb0,20s,60000
M,719.0,0,3c6285cfe634a81d,30s,50000
M,790.0,0,2c4000619138bfc1,30s,70000
M,750.0,0,5d6b4f89f2bf69ee,50s,70000
F,850.0,0,d97518aa2e5b7f45,20s,70000
M,850.0,1,005c67d84eb616b3,40s,60000
F,557.0,0,9f92c02f9fa0da50,50s,40000
M,526.0,0,3118fc5273ca6582,50s,60000
F,679.0,0,2bb7cd2413a831fe,30s,60000
M,715.0,0,b19a010a7d33f34a,50s,50000
F,675.0,0,afe117f7cb9834e5,30s,40000
M,729.0,0,d1ea0ce95fd116ed,40s,70000
M,661.0,0,277dfdc9fac0583b,40s,80000
F,631.0,0,ffed2717daea51a5,20s,40000
F,642.0,0,564bb06b68a7061b,20s,50000
F,666.0,0,c2475f71c04792f4,20s,60000
M,739.0,1,6c94227811ef2678,60s,60000
F,646.0,0,a308811502842045,60s,40000
F,660.0,0,30bc802822fb0608,30s,80000
F,720.0,0,2b636994179460bb,60s,60000
M,666.0,0,4acb866428cf53ab,20s,60000
F,758.0,0,ae8d87440dadd1a9,60s,80000
F,616.0,0,fb2f386ffdd2f8f9,30s,40000
F,600.0,0,4b627f7081e03d98,20s,50000
M,701.0,0,a70b0b078ff9968a,50s,30000
M,708.0,1,8534f8f5d847c81a,30s,50000
F,619.0,0,01018a22af7428c8,30s,20000
M,774.0,0,8bc559407b4a7caa,50s,60000
F,815.0,0,665fe42694acada9,30s,60000
M,636.0,0,4711336a8b108f39,50s,50000
M,784.0,0,ba7f1dd3fc7245c6,20s,50000
F,513.0,0,bb4e429c4565d441,20s,60000
M,755.0,0,f7e0b74d24186ef7,30s,30000
M,620.0,0,5bb82cd5bd72225e,40s,50000
F,748.0,1,3a9b5e7d5c31c774,20s,60000
F,613.0,0,2f2388aaffc9d33c,20s,20000
F,675.0,0,ebfc0fdb2e35364a,50s,60000
M,623.0,0,a55e2b84bf408f90,40s,20000
M,665.0,0,7b53fe4dc74c72e3,30s,50000
F,808.0,1,96d35b75d4906c5c,30s,30000
M,672.0,1,5713f8c6a3b576d1,20s,80000
M,828.0,1,a87e23d171aaec98,20s,30000
M,653.0,0,c9d9ac6af98fd955,40s,20000
M,784.0,0,e18cde903d880021,20s,50000
F,566.0,0,2b3da86a31a6e203,30s,40000
F,660.0,1,62bed2b51a3f521b,60s,20000
F,642.0,1,d6809625c667d631,30s,60000
M,788.0,0,9140c1b0ae446f74,50s,10000
M,693.0,0,d7b37572b91d0a65,30s,30000
M,534.0,0,484ad0ff175add08,60s,40000
M,588.0,0,adab939e9e27dfed,50s,60000
M,609.0,0,70470a698c970593,40s,70000
M,745.0,0,2f4dd940e8735b76,50s,70000
M,736.0,0,a9e9d42ee3174aee,30s,50000
F,659.0,0,79b9798abc4ce834,60s,10000
F,642.0,0,e2e77cb6df085c6d,30s,60000
M,730.0,0,77ef32c5528d92fb,50s,80000
M,601.0,0,2f73859a54beac5e,40s,70000
F,712.0,0,af9c3c4909765d91,40s,60000
F,706.0,0,220e8e9dd7b72780,30s,30000
F,661.0,0,14c4aa5b6bd86904,50s,40000
M,708.0,0,59da13a6ba2ebc3d,50s,80000
F,687.0,0,fa7cb0e34a386be4,50s,20000
M,715.0,1,d1db4dbc1b8e6533,50s,30000
M,587.0,0,08c04a5e82d7194b,20s,70000
M,723.0,0,efc19bd8535e4943,50s,40000
M,752.0,0,2faf07d9040ccef4,50s,30000
M,702.0,0,c85e1c7e96a9fd0c,30s,80000
M,722.0,0,a06238b543ffa9a0,60s,60000
F,672.0,0,517f5084d965b8e0,40s,40000
M,742.0,0,989b03b72fd18b32,30s,30000
M,685.0,0,1e1d4aedb467c911,20s,90000
M,600.0,0,f02ac32b45efdb76,30s,50000
M,737.0,0,d869848e3f4192c2,20s,80000
M,566.0,0,aba27e03bd6c229f,50s,70000
M,700.0,0,8fe7f17d8dd451e0,50s,40000
M,653.0,0,1e9566750956d0de,40s,40000
F,649.0,0,5827a1846ae18083,40s,80000
F,692.0,0,9cd05deb8a305193,30s,80000
M,630.0,0,f8ad4a739f9f8758,50s,20000
F,716.0,0,2ac038976c522321,50s,60000
F,684.0,0,ab863f0a3bfe839d,20s,50000
F,637.0,0,749d32267cf6119e,30s,30000
F,774.0,0,8f8d21e8f55a5154,60s,50000
F,694.0,0,9f32f63da89d5b4a,50s,30000
F,724.0,0,e84599d9c214176a,60s,40000
F,779.0,0,5674e2f32eeb18a2,20s,40000
M,778.0,1,e396e9d2567d9071,40s,40000
M,721.0,0,0c41e83ab80eb096,20s,50000
M,659.0,0,22ecb94622ccf97b,50s,30000
M,580.0,0,17f52677a15384d2,40s,80000
M,694.0,0,fedbe942ab5a6c93,30s,60000
M,757.0,0,143649bbd7f772fb,20s,80000
F,705.0,0,233fa0553241c9c5,50s,50000
F,439.0,0,3985bfcaaba7f797,50s,40000
F,741.0,1,e6d8cefaaa47a226,50s,80000
M,745.0,0,c2a9640d36665cec,60s,40000
M,659.0,1,fe390e8c6415b066,50s,50000
F,749.0,0,334db135dd10f485,50s,60000
F,724.0,0,80a9cd87f075e96c,50s,30000
F,632.0,0,dd76c705c2e83f7b,60s,60000
F,769.0,0,f85a9d81f908712a,40s,60000
F,591.0,0,1b0f659389e1a74c,50s,70000
M,676.0,0,446cc671b4014f71,50s,70000
M,669.0,0,3a1022c924ee4478,20s,70000
M,622.0,0,3b6a9b2da90b1c4d,50s,50000
F,701.0,0,5af690fee9b22b06,30s,30000
F,772.0,0,d80d726839b768fb,20s,90000
M,767.0,0,04832bbef3c9bc5b,20s,20000
F,731.0,0,68453957ec31a3a4,20s,20000
M,561.0,0,05ed3d71c033a637,50s,60000
M,586.0,0,b8466007bfc23398,50s,80000
M,692.0,0,738f7245944064d1,20s,50000
M,678.0,0,bb3a7bcbae9d1526,40s,70000
F,645.0,0,62c18ec754ebf460,40s,10000
M,813.0,0,f4bda071912eebe9,40s,40000
F,687.0,0,0c23a4478ce2bfe6,40s,20000
F,718.0,1,b59c99f60202558f,50s,60000
M,749.0,0,ea3c007bba642f72,40s,20000
M,684.0,0,80844a5e6fac27e1,40s,30000
F,850.0,0,2f7061676018d3d5,40s,60000
M,614.0,1,03e4b213a9719cab,30s,70000
F,638.0,0,792149c3c10ea74b,50s,50000
M,614.0,0,6c0fdfcdbe98eb40,30s,60000
F,789.0,0,6c560fb513bba246,50s,60000
F,736.0,1,21b073c0e6894e21,40s,50000
M,642.0,0,011cae980a9390ac,50s,30000
M,620.0,1,c5a25483521d5a73,50s,60000
F,777.0,0,1227d3cc0fc2f4e7,50s,60000
M,705.0,0,cba78f828a1a032a,40s,70000
M,779.0,0,ba04165d764debcc,40s,60000
M,676.0,0,93e7f7dc8b9eb729,40s,30000
M,716.0,0,0ce183cbd1760905,30s,60000
F,701.0,0,5cea253506e7e316,50s,50000
F,636.0,0,0d4061a12a1e22db,50s,40000
M,670.0,0,49726b6dae60a334,50s,40000
F,597.0,0,6255c4acbb12e67f,50s,40000
M,715.0,0,eb20394634a9d201,50s,70000
M,733.0,0,7c3ebea407a01600,30s,20000
F,749.0,0,c09a47c0a8f078e5,20s,30000
F,727.0,0,e4aab55d0dc4aeef,30s,40000
M,671.0,0,a0da367cc7891dec,50s,80000
M,789.0,0,e23b17e6411483c0,50s,70000
M,742.0,0,37de559c18beb953,40s,20000
F,777.0,0,d4f97d4ca64b9b43,50s,70000
M,782.0,0,09bb23a91e49a4d0,20s,70000
M,671.0,0,227abb9dde13fc24,40s,30000
F,707.0,0,d312c826e633fd47,40s,10000
M,734.0,0,8437431b669d0129,40s,50000
M,600.0,0,71a8a6ba8bdd92b8,50s,70000
M,601.0,1,f8563a0ebd4d7c79,40s,80000
M,589.0,0,c87e15350cb3206c,40s,30000
M,672.0,0,ce40ea202f1e487d,40s,80000
F,657.0,0,f9373a075ef1df79,50s,10000
F,580.0,0,51b361e284a1958f,30s,40000
F,690.0,0,b93aead0599ba700,30s,40000
F,673.0,0,ef1622e1b793ebdc,30s,70000
M,763.0,0,ed5210706398aae0,20s,70000
M,821.0,1,89c24a4a71c0d3ad,30s,70000
F,712.0,0,f9882a7d2832287e,30s,30000
M,631.0,0,472e7579fe39f56f,30s,70000
F,725.0,0,a7e1b01f95116d08,30s,60000
F,681.0,0,0e606ac0ddfbc182,40s,20000
M,663.0,0,35c85d23193c6911,50s,10000
M,620.0,0,1d5c1ee89b468795,30s,70000
M,648.0,0,a74f3554403a6e3b,50s,50000
M,668.0,0,f2e727e91fcbf83e,40s,30000
M,736.0,1,1ee1524890aa84ce,50s,50000
M,716.0,0,04c17b67499f0107,20s,60000
F,808.0,0,0cdf970791c70130,20s,50000
F,727.0,0,c6c12079168d55e0,30s,20000
F,710.0,0,50a9d159d6fdf20c,30s,80000
M,659.0,0,3e80373ef8181f18,40s,70000
M,607.0,0,f01ebef4ec45330f,20s,40000
M,640.0,0,60b05ecba1db8bb8,40s,40000
M,631.0,0,f1cc5bb67061761d,50s,60000
F,501.0,0,0025f5ab571c989f,50s,30000
M,609.0,0,071879ec4c1a2892,30s,60000
M,792.0,0,a75c3640232bc6d1,30s,30000
F,706.0,0,4f16e1d4d1d762e5,40s,50000
M,654.0,0,a75d163995257a48,40s,30000
M,708.0,0,09412d1f5faf13ef,50s,30000
M,543.0,0,0e92fae84ce44c76,30s,80000
F,700.0,0,540a57c39701e502,40s,50000
F,769.0,0,51f5c46edfae19a2,50s,50000
M,672.0,0,2cf5b28efabb3a7f,30s,10000
F,556.0,0,2219eae0c6836dc2,50s,40000
F,651.0,0,189d32ff8b5b5f79,30s,60000
F,770.0,0,f3360e29cbaeca07,30s,50000
M,698.0,0,db51eb6fa5911485,40s,10000
M,581.0,0,88670f12e2059b09,40s,50000
F,846.0,0,5fd33fcc5c792d22,40s,60000
M,592.0,0,6a52da14f48acc7a,30s,70000
F,663.0,0,53b23f33a524ae8a,20s,40000
F,607.0,0,029b45b54b80ca58,50s,10000
M,607.0,0,2b5616dd0057996c,50s,30000
F,648.0,0,bb006bed8de815ce,50s,30000
F,725.0,0,268b7228e5680159,40s,60000
F,770.0,0,a38e78f04a9640a3,50s,10000
M,653.0,0,58a6f42d329e67be,40s,40000
F,609.0,0,a52d7bf7be9c27ad,20s,80000
M,714.0,0,9431ab0276ce3cf2,20s,50000
F,716.0,0,1d0b499abb82a3d4,30s,70000
F,697.0,0,e44643480072fe3a,30s,20000
F,699.0,0,ab3b2a67211aa2cf,60s,20000
M,672.0,0,16999aee530fff55,30s,80000
M,687.0,0,4496ab4f06d8322e,40s,50000
M,667.0,0,dd166d760b19d52c,30s,50000
M,755.0,0,b89f89bf99765e6c,40s,30000
M,836.0,1,c67a340e2cb96585,40s,50000
F,693.0,1,df9210693ef4ce3b,20s,30000
M,680.0,0,f74ffd59cdd09a0a,40s,70000
F,634.0,0,654810159ec6f80d,50s,60000
M,734.0,0,fdaea147fc1b3e81,50s,40000
F,711.0,0,f6ad66ff585db6e3,60s,10000
F,651.0,0,7ba2b1c760a8806a,50s,20000
M,743.0,0,3fa08843a6440ceb,20s,80000
M,681.0,0,ec0567dffc909bbc,50s,30000
F,612.0,0,ec5d0e817ab81cec,20s,40000
F,705.0,0,eb709ceaaaa7e891,60s,60000
F,697.0,1,57fe8094fe83a9c8,50s,80000
F,747.0,0,1888d96d5398a105,40s,50000
F,738.0,0,5b3b5a02378e2748,60s,40000
M,672.0,0,9d34a33778a1339b,50s,50000
F,647.0,0,c939ffbf82fa2293,50s,40000
M,680.0,0,6e1fbd612f118125,20s,40000
F,705.0,0,742f5f6a53fe50b1,20s,60000
M,714.0,0,6ebab70a93a1e48d,60s,50000
M,701.0,0,3559c1014791f55b,30s,90000
F,674.0,0,47837783313be094,30s,60000
M,750.0,0,3ab1c2e02011b3cd,20s,70000
F,633.0,0,fb6a96327c34a961,40s,30000
M,850.0,1,d981b8aef2ea1367,50s,60000
F,733.0,0,ce0af66632a98eb5,50s,40000
F,601.0,0,68294d822545933c,40s,60000
M,693.0,0,7c12bcc7bdd9d985,40s,60000
F,734.0,0,2d8440e6cc52eabe,40s,50000
M,656.0,0,64263d1f4321e62f,30s,90000
F,575.0,0,c69516bd0ffc0935,40s,80000
F,607.0,0,ebfc95d153983f4b,60s,70000
F,718.0,0,7b28f0efa49c48bf,30s,60000
M,557.0,0,5da0e5250fbfeb5b,40s,80000
M,579.0,0,ee5000b3cc29392d,40s,20000
F,718.0,0,da0c82c3c80a91bc,40s,70000
F,664.0,0,f1f2a1be4c213682,20s,30000
M,631.0,0,dec25bdbe35ef9be,30s,40000
M,645.0,0,72bc272fcb1b4496,40s,60000
M,577.0,0,9184f794d27d71c0,50s,70000
F,714.0,0,4dc6ae7795af3286,50s,30000
M,624.0,0,bcc0b7fedf38a38f,60s,40000
M,642.0,0,fcae83d5ea011741,40s,50000
F,704.0,0,c2aabb1b718ae404,40s,50000
M,662.0,0,df648636cb1e033c,30s,70000
M,541.0,0,d171f6599e90bbb4,50s,60000
F,706.0,0,3f171203f0568180,40s,40000
F,686.0,0,91907834ee7cea95,50s,30000
F,644.0,0,bba7b4576009b8f4,20s,40000
M,607.0,0,c81180d7a6fffd2b,20s,30000
M,681.0,0,64eeb1ea2d5888c4,20s,60000
F,714.0,0,7878c155dad6322a,20s,60000
M,687.0,0,d1565b10c2e870c6,40s,40000
M,795.0,1,5dbabeabd7731f08,40s,90000
M,729.0,0,1f96a291b0c6a964,40s,40000
F,672.0,0,e7d6fa3cff3b4ba2,30s,50000
F,732.0,1,84c6fe65dbb1dd8d,40s,60000
F,683.0,0,c9344bb19eff3871,20s,70000
F,683.0,0,eb701544a20cd10c,40s,70000
M,771.0,0,efead8409e45bd6e,20s,60000
M,617.0,0,a1cf089848b71cf3,20s,70000
M,682.0,1,5ba56fbd983fa3bb,20s,40000
F,763.0,0,df53ea1ecfce00ed,20s,70000
M,702.0,0,8dfcb14fe2421df9,40s,70000
F,654.0,0,a19f547b2791b0d4,40s,80000
F,561.0,0,e8d07edb294e5d48,40s,20000
M,521.0,0,19a123ce0819662c,30s,30000
F,825.0,0,b5f86c48c30a59be,20s,60000
M,702.0,0,b4a7c3938c2c1c4f,20s,10000
F,639.0,0,82e71c96d492ede9,50s,60000
F,704.0,0,af784b54e4221f1d,60s,70000
F,614.0,0,49408ee6ca716697,30s,40000
M,657.0,0,02a4be97e87944ce,20s,40000
M,614.0,0,c49dd771063cab03,30s,30000
M,581.0,0,850e3609f993a4f7,20s,40000
M,533.0,0,a7963f27accfac04,20s,40000
M,568.0,1,6caa62008d6da115,40s,40000
M,751.0,0,9d945e010e0304a0,50s,40000
F,611.0,0,ef947fe75b1ba07a,50s,50000
M,717.0,0,4e8c024d633e442a,60s,40000
M,747.0,1,4b2634c0de7012d1,30s,80000
F,681.0,0,b5ca55887631e75b,40s,40000
F,659.0,1,b55fb5f7eda3c504,30s,60000
F,689.0,0,3d6db15f1985f482,20s,40000
F,651.0,0,9dc4007d58b3c9f2,30s,40000
F,764.0,0,bbec50f4d18b972f,30s,20000
F,811.0,0,6bd0ba2ea68b1f85,40s,20000
M,781.0,0,d580f483001f447f,20s,30000
F,529.0,0,bcc56abdc751f417,50s,50000
M,649.0,0,677ae1d360fd29cf,50s,70000
M,680.0,0,98e7df2e1c718b09,60s,20000
M,712.0,0,377ad098b4794816,20s,40000
M,559.0,0,61da6f261bc7b849,20s,30000
F,558.0,0,b98f21bba3ac6120,60s,50000
M,771.0,0,905865c6d21d9005,50s,70000
M,641.0,0,bccc9dd8bf865bbc,40s,40000
M,576.0,0,55aa7f3f6ab17fa9,30s,50000
F,603.0,0,741afe5f3b17354b,40s,80000
M,707.0,1,71f71ae39823c487,40s,60000
F,622.0,0,f9ed5df5ee8df2ea,50s,40000
F,697.0,1,2e82f00c8e6e6273,40s,50000
M,611.0,0,594ed08a89509068,20s,40000
F,558.0,0,15b4197f888911ce,50s,60000
M,780.0,0,f7185e7b7035919f,50s,60000
M,708.0,0,8e7c4670ba8736b7,30s,30000
F,657.0,0,d901afa9e26a27fc,20s,50000
F,644.0,0,3bd11e69a08b30fb,20s,50000
M,783.0,0,562bf95a4df93455,50s,60000
F,721.0,0,09fcbfb3b91a25d1,30s,60000
M,760.0,1,8d69fc380e73ba3d,40s,60000
F,639.0,0,a24601b41f32cf97,60s,40000
F,684.0,0,5bd1e8cdf83c5636,20s,70000
F,708.0,0,510d35fe3474f6c1,20s,30000
F,641.0,0,5719073bb15d06ad,50s,30000
M,673.0,0,530489acad34a1cc,40s,10000
F,639.0,0,59aad9d4b99826d3,20s,50000
F,708.0,1,5b895afc4b032640,50s,40000
F,588.0,0,10b127487097ce78,20s,60000
M,720.0,0,7ea2ac0e71da2fb7,50s,10000
M,702.0,1,0002370db76fa0f5,50s,40000
M,666.0,1,6c40bda405505f22,50s,60000
M,711.0,0,d39a9fc54473ca4c,40s,30000
M,654.0,1,aed63d3fe0693a22,30s,60000
M,633.0,0,47e7ad0981fb1a02,50s,40000
F,718.0,0,aa38712cbd156b52,40s,50000
M,721.0,0,02d8952f79d3384d,40s,60000
F,644.0,0,60d11c87031edc1d,20s,70000
M,638.0,0,a2fc753a45fe6db2,40s,50000
F,667.0,0,3318ade4df283b95,40s,40000
M,641.0,0,fbac4b555152aeef,30s,40000
M,787.0,0,2306ae775d580128,50s,60000
F,702.0,0,ae60eb2445aec24f,20s,30000
F,681.0,0,c724a00e2c34dfbc,50s,50000
M,615.0,0,8b3ceb1288960898,60s,40000
M,732.0,0,277d4dddeb64128a,40s,50000
F,637.0,0,df1debe1ca392e4d,20s,30000
F,634.0,0,994e324c6b61e4cd,40s,20000
M,734.0,0,c02d5209471f68fb,40s,60000
M,707.0,1,aa8a49f9e5e3e680,40s,70000
M,505.0,0,7b04f6971749bd3d,30s,20000
F,669.0,0,a2bb244f90c689b7,40s,60000
M,689.0,0,6a48bd7ce47cd4ee,30s,70000
M,656.0,0,00e2f59c7d6911f8,40s,60000
F,691.0,0,48537c2716104390,40s,40000
M,553.0,0,6b6a2d3ee7293544,40s,30000
M,482.0,0,0a5f64d7dac778da,50s,50000
M,612.0,0,974f1f076d89cf66,50s,50000
M,700.0,0,15f2b3e1b8179e64,50s,50000
M,454.0,0,e34a3a223257fdde,50s,50000
M,621.0,0,7b3c06017586e53c,50s,30000
F,545.0,0,353dfa741fbc5b48,30s,60000
F,663.0,0,0004c73c2e76132a,30s,60000
M,817.0,0,c98af40c529d6beb,40s,50000
F,665.0,0,bee55114c9b28bf4,40s,50000
M,672.0,0,dfdf7e22871e1778,50s,80000
F,739.0,0,396d90eae4a50087,20s,40000
M,681.0,0,7e0a98b54e0c4127,20s,70000
F,665.0,0,f712b5444753c301,50s,40000
M,745.0,0,18862a8d6699d31a,50s,70000
F,713.0,0,7fb9853541663052,30s,70000
M,700.0,0,8c3f5bc3dd98897e,30s,40000
F,670.0,0,f517aa035fc1033f,40s,80000
M,656.0,0,c25ae1c1df71a7f8,40s,60000
F,744.0,0,63c95a5706324d1e,20s,30000
M,656.0,0,ad8d928daef57c9f,40s,40000
F,766.0,0,a0adb9bb789891a6,50s,70000
F,607.0,0,9b600fcb5ae62c76,50s,70000
F,780.0,0,0f0451280e043347,50s,30000
M,713.0,0,a5d8204705c05054,40s,50000
M,612.0,0,b501ee56f03a12a0,50s,50000
M,716.0,0,fe60aba4ce8df6bd,30s,40000
M,634.0,0,d9c5759370207540,20s,90000
F,682.0,0,c9806b686d0fb6ef,20s,50000
F,646.0,0,9a5658b6c5fbbdcf,60s,50000
F,671.0,0,5cff336f19c3b7fc,40s,70000
M,746.0,0,1ee28048a2ea1909,30s,40000
F,716.0,0,89067ce2c72685ca,50s,70000
F,601.0,0,bfbbcbc51828f832,30s,20000
F,605.0,0,2b2a5210b2e1dd0d,40s,40000
M,699.0,0,ca6be8fa9b3e9a5c,30s,70000
M,704.0,0,75a6b7469204116b,20s,80000
F,633.0,0,f4be09522074b331,30s,40000
M,791.0,0,574e29f4de517530,30s,30000
M,737.0,1,2d3033901a4ada2f,40s,60000
F,636.0,1,d1f0752907dd1680,20s,40000
F,629.0,0,fa707fa7edbeae05,30s,50000
F,664.0,0,aa6c0738685b4579,40s,70000
F,657.0,0,f4951d828e5f3c68,30s,40000
M,768.0,0,2e577e83759b5ae9,40s,10000
M,749.0,0,69e0e327bd2ac176,40s,30000
M,682.0,0,82166af0a6c63b53,60s,50000
F,727.0,0,93d574814f7ec531,50s,20000
M,738.0,0,9010de238d4429e2,30s,40000
F,684.0,0,5c5ed41a1956f67b,50s,20000
M,708.0,0,bf64c686a93f4f7f,40s,80000
F,722.0,0,0e604e18558c1a03,40s,90000
M,714.0,0,d1e08ba8c65c98ce,50s,30000
M,625.0,0,35ac8fbd964d5f1c,20s,50000
M,633.0,0,c24b00c03c6fdb96,30s,30000
M,660.0,0,9892fdc2d39cf547,50s,40000
F,631.0,0,a15cc66190847045,50s,80000
M,577.0,0,bcdfd9992a419244,20s,40000
M,727.0,0,34bb99610db52d4c,40s,40000
F,704.0,0,7a14e60a8b6212b8,30s,30000
F,586.0,0,12d2cb9b27b7993b,20s,70000
M,663.0,0,7b25d6b91b543c5a,20s,10000
M,667.0,0,fc2970ec5e4c238d,40s,40000
M,693.0,0,5fa86def2dbe55fc,40s,50000
F,604.0,0,d99dd1167043937e,40s,40000
M,585.0,1,17ed4900ca447658,30s,70000
M,716.0,0,dd34d39a09c21eea,50s,70000
M,573.0,0,b9fbe83c8c272234,40s,20000
F,664.0,0,20d638286dce040c,50s,90000
M,657.0,0,d49026e4bd616365,30s,20000
F,671.0,0,e49b8e967fa5fd6b,30s,70000
M,698.0,0,a218bc005a487e2c,40s,50000
F,792.0,0,a6708cc08ecc9274,40s,40000
M,568.0,0,f59b7df663ee8534,40s,40000
M,741.0,0,6e775ee6dfcc792a,50s,50000
M,504.0,0,a0af9489a8c58e1e,20s,50000
F,778.0,0,e2a1e932986edf5d,40s,30000
F,537.0,0,025b98683ed7fa25,30s,50000
M,850.0,0,c9038c80c6a36b84,20s,40000
M,653.0,0,86e0ab4523721196,40s,30000
F,770.0,0,f6a3cca3190d9276,50s,40000
M,756.0,0,18683a5261ed3b70,40s,30000
M,649.0,0,1540806d0a625082,20s,40000
M,655.0,0,6776766362248a95,20s,60000
F,621.0,0,ea3103f67593512c,30s,50000
F,735.0,1,c2f285e2d9d58001,40s,90000
F,650.0,0,7dcacbfb17b3fb18,30s,10000
F,623.0,0,e636969891ca4875,30s,60000
M,718.0,0,fdf988b47987f81e,50s,50000
M,617.0,0,6cd56c867b0fae9d,20s,60000
M,657.0,0,1e242023a19d90e8,20s,60000
M,687.0,0,4fe36ac9889b1cc9,20s,50000
M,635.0,0,8f818e9732ce9258,60s,50000
M,646.0,0,c72fbd2aff78d9b7,40s,40000
M,787.0,0,c94edcc1fcaeb162,20s,60000
F,666.0,0,493a25e4bad604d0,30s,20000
M,655.0,0,b91cae0ebb9cbb3c,60s,60000
M,668.0,0,3557e5c506a9fcf4,50s,50000
F,712.0,0,6a290f0e01e3a777,20s,40000
F,608.0,0,44104dbe66024a91,30s,50000
F,710.0,0,e719e7b03695a797,20s,50000
F,698.0,1,995b7064ef2b718e,50s,70000
M,806.0,0,321fef35ef997a8e,30s,70000
M,782.0,1,4e0dd9049fdb8fe1,30s,40000
F,624.0,0,f75aff7c66fe60c4,40s,60000
M,601.0,0,a1ad7846dd65da14,40s,60000
M,696.0,0,304ae24227ee6742,50s,30000
M,580.0,0,bd291de8c1c51587,30s,30000
M,775.0,0,423f513aa9c110a2,30s,50000
M,647.0,0,74b2eb8f3df48a16,30s,60000
M,794.0,0,415c06ea92fd9e6e,20s,20000
F,622.0,0,e53341482c3deeb8,50s,40000
F,672.0,1,6b05c3444b0d55bf,40s,60000
M,769.0,1,242cca6fa731b707,40s,50000
F,657.0,0,6e8834319cd43d0b,60s,80000
M,699.0,0,c3e1a48d4b95e4c3,20s,20000
F,756.0,0,8a08a6badbe30547,60s,90000
F,641.0,0,365b31873c39d41e,40s,20000
M,592.0,0,27ea6c395a30755d,20s,10000
F,578.0,0,b1bb3e6a199ca7d3,40s,50000
F,721.0,0,642e8fee992d3a26,50s,30000
F,707.0,0,e89c1951202bac2f,30s,50000
F,754.0,0,a03c0b3eed63c895,30s,50000
F,661.0,0,717d0e144c5bff68,50s,50000
M,580.0,0,1d9fca5b721fe35a,20s,30000
F,515.0,0,60c490fe02f2146a,20s,60000
F,850.0,1,eb0c176b86a9439d,40s,40000
F,717.0,0,5b879937d5b03648,50s,70000
M,690.0,0,c12d1918c65cc526,40s,50000
F,700.0,0,e5c6e553120be0c3,20s,30000
M,580.0,0,4ecd136e15be9014,40s,20000
F,624.0,0,9fdc4018ff34d49f,30s,50000
M,802.0,0,a1e94f7fe1e4c6a7,50s,30000
F,726.0,0,98941818bd38276e,40s,30000
F,627.0,0,a402da0c5089e933,30s,60000
M,594.0,0,1821326b437ed84a,40s,20000
M,644.0,0,d4f848e5aa2831d9,40s,80000
M,658.0,0,358b4f6a90d8b469,40s,50000
F,823.0,0,0b338676a2017c13,30s,50000
F,667.0,0,3878ed58381d1b4b,40s,30000
M,597.0,0,082ff4e0e4faabd1,20s,60000
M,676.0,0,42635a5de344d067,30s,50000
M,699.0,0,1adfec5c097200ed,30s,40000
M,590.0,1,9a555d8f0c080e24,40s,50000
F,708.0,0,26e94d1a5239fe41,60s,20000
F,765.0,0,8b049f89a5ee8e36,60s,20000
M,690.0,0,d3727ba1f96af6eb,40s,30000
F,624.0,0,6c933d7d37e5e2b1,40s,60000
M,643.0,0,1a755f70c0aae78d,20s,50000
F,564.0,0,76214038a501d053,40s,70000
M,671.0,0,947cdea19f71b177,50s,30000
F,702.0,0,6ca1b5d42dc84a28,50s,60000
F,617.0,0,8698df16506caec3,60s,50000
M,816.0,0,1f48c4e0f6fa59f9,40s,30000
F,735.0,0,f253d4209a2765bd,50s,60000
F,555.0,0,64afb35bf4a47d72,60s,50000
M,556.0,0,cf473ae503e8f684,40s,40000
M,611.0,0,d346ef3868bdd17d,20s,50000
F,790.0,0,d499a50c378ff5be,30s,50000
M,742.0,0,02f6632a27689036,50s,50000
M,794.0,0,198f5476bb6376f7,40s,40000
M,681.0,0,84d2cefab6a656b5,60s,30000
F,665.0,0,d7a16b928d94f784,50s,50000
M,593.0,0,cdad6a452b5786ab,20s,40000
M,704.0,0,b69c42296d38e342,50s,30000
F,666.0,1,2a7b0b991d707a25,30s,50000
M,664.0,0,fb75febc27d94dfe,50s,60000
F,793.0,0,b64f1ed697f7df8d,40s,50000
M,671.0,0,372ff14aaf09792d,40s,40000
F,773.0,0,2596efd5eee013c6,20s,40000
F,569.0,0,4e9a170eb726f70e,20s,60000
M,850.0,1,5aa4bada245bea57,40s,10000
F,654.0,0,891621b9d80b818e,40s,60000
M,730.0,0,511da1dc6530a839,40s,20000
M,741.0,0,fe32099ac4d4c024,20s,20000
M,645.0,0,1b58094e370b7465,40s,40000
F,737.0,0,6d1b235a4d30777c,20s,90000
M,741.0,0,2d690806317b99ec,20s,80000
M,630.0,0,d98b5505ae75db75,40s,60000
M,631.0,0,04e28bfb0745dc3e,40s,60000
M,683.0,0,e12eddab0b8c1859,40s,20000
M,672.0,0,76145474d1f582d5,60s,50000
M,778.0,0,ea98f49c654bd283,50s,40000
M,729.0,0,373a1f94ad095918,30s,40000
M,675.0,1,ca5d6055ffbef1ec,50s,50000
F,722.0,0,19ecc9d540e5f00a,20s,40000
M,537.0,0,97e6f426511bdf95,50s,70000
F,637.0,0,f35ac2650862ab96,30s,20000
M,700.0,0,37a86ea55821ef1f,50s,50000
M,758.0,1,d1953211da3b578f,60s,30000
M,694.0,0,93b2fce98ac4a3ed,50s,40000
M,782.0,0,88680c4025dff3d3,60s,60000
M,741.0,0,6d3c6c155aaeb91e,20s,30000
F,646.0,0,0f302384a1266c17,20s,50000
M,670.0,0,1095fb8f1658e145,40s,50000
M,709.0,0,a049f80b9b2bc6a1,40s,40000
F,649.0,0,a97152a2aa18fc06,20s,40000
M,787.0,0,dd1df137935e2eeb,50s,50000
M,602.0,0,cec2481278cfd7b1,20s,40000
M,702.0,1,9d8301440cc433be,60s,50000
M,731.0,0,99fdba6947fc6008,20s,40000
M,658.0,0,d8f2fff10a628b57,30s,40000
F,642.0,0,b3b099da20a35267,50s,80000
F,675.0,0,4ffcd4ccb45d78bb,40s,60000
M,737.0,0,5e37c86b6f66189b,50s,40000
F,645.0,0,e038050a579c4749,50s,50000
F,605.0,0,c9818aa60b5b82e1,60s,30000
M,761.0,0,b6a404e9a9f93809,40s,40000
F,708.0,0,3518b27a292d1ff8,60s,40000
F,751.0,0,3291ca079972c747,40s,30000
F,733.0,0,0f91809e536df499,50s,60000
F,833.0,0,49f155eb8bfd6369,50s,40000
M,758.0,0,e12222e58c6a6938,20s,40000
M,629.0,0,3b19813715212eb8,40s,40000
M,713.0,0,b220580f47e2fa91,50s,100000
M,641.0,0,335daef2b5f29973,20s,40000
M,648.0,0,a15d340cdf60eebd,50s,10000
F,581.0,0,29da199c4b0b9259,20s,20000
M,660.0,0,486d14739a4353a8,50s,60000
M,718.0,1,86b4a2ed2ca46cea,50s,70000
F,675.0,0,237345439da6466c,20s,40000
M,603.0,0,e2e726ca9ff2b898,50s,70000
M,573.0,0,0948afe3ed214054,20s,60000
F,828.0,1,e3750588c0c215a5,40s,50000
M,703.0,0,b3e2f9f8e5ab1314,60s,50000
M,622.0,0,3afff1711a7b4a7c,20s,50000
M,712.0,0,08a7ad2b5634d441,20s,70000
F,833.0,0,cad7cc200ca8992a,30s,60000
M,723.0,1,d9237f394874f866,30s,40000
M,485.0,0,4c828d53ad85a5b0,20s,50000
M,850.0,1,93ec8d61ed0a7d1d,40s,90000
M,551.0,0,967ec38ff60d1e04,30s,50000
F,666.0,0,de203ef06a1d14f4,20s,70000
M,601.0,0,111d1743ff6e81a3,30s,60000
F,628.0,0,c8bdd5c9e261e291,20s,50000
M,700.0,0,cb7b2558291fea80,60s,50000
M,535.0,0,8283c91be2849134,60s,70000
F,674.0,0,85dd1ad7a92230b8,30s,60000
M,760.0,0,d6a36de8a655e60f,50s,50000
M,621.0,0,8068fa1af5ddae5b,40s,40000
F,583.0,0,197fd2bf6bdd3223,60s,60000
M,670.0,0,2d62da39ee82d915,20s,50000
M,656.0,0,d14c5d0f0203cdc1,30s,40000
M,597.0,0,b6aba287b3b80cd7,20s,20000
M,716.0,0,516ca6d8494cb8e5,50s,70000
M,722.0,0,255df9bb302ebac8,30s,30000
M,605.0,0,d6a981ce828d4f5d,30s,50000
F,690.0,0,8a588c510b66e8af,50s,30000
M,612.0,0,3bc56a876ef9c76d,20s,40000
F,693.0,0,dfeba5332663dfe9,50s,50000
M,783.0,0,56d540313f3f4c4d,50s,30000
M,676.0,0,9963fc4e95720c68,50s,70000
M,595.0,0,03a9e723268a9e0d,60s,40000
F,707.0,0,076eb21e63e024c7,50s,60000
M,668.0,0,d4f5a6d937c55c41,40s,30000
M,669.0,0,7c2083634f72fb16,40s,20000
F,713.0,0,acd6f37afaf91602,30s,50000
F,728.0,0,f786dc905655d3b6,50s,20000
M,682.0,0,9ccc290a81f5cb3e,30s,80000
F,676.0,0,415d89bf98b9ac88,40s,20000
M,824.0,0,f99fae8f94a51cee,20s,30000
M,764.0,0,fcd219af0f498873,30s,60000
M,738.0,0,d421d0b8ba47732b,30s,40000
M,689.0,0,304cdce7635a0ed2,30s,20000
M,610.0,0,026cf63dc749dce7,40s,90000
F,759.0,0,3bba88b046e6e9a3,50s,30000
M,690.0,0,c26e7af7b9973c43,30s,50000
F,640.0,0,6ef84f476f6f30da,20s,50000
F,663.0,0,47665b014bf5e321,40s,60000
F,612.0,0,b21814f84f7c7748,20s,60000
F,754.0,0,14a3e603886507c6,50s,40000
F,728.0,0,7bf51a2c74141a1f,50s,40000
F,693.0,0,f7b4a3b868c81e8c,20s,50000
M,677.0,1,b1ebab41d1b1da5f,30s,60000
M,632.0,0,04c91423dbb89c09,20s,30000
M,531.0,0,5ffeec7746991b5d,30s,90000
M,581.0,0,eda7e41950243c68,20s,40000
M,628.0,0,8705e03748d2ffc2,60s,50000
F,617.0,0,59a6ab8b3c03a854,20s,30000
M,700.0,0,c5f02ff8377608b3,40s,30000
F,737.0,0,670b13395e0624f5,40s,30000
M,671.0,0,b626e8c2163ecef7,30s,30000
M,779.0,0,7cec160675db79bf,50s,40000
M,625.0,0,d957a371cf8d4f71,20s,30000
M,671.0,0,c06488daf8350d6b,50s,60000
M,676.0,0,0bd97b003225cd8b,50s,40000
M,756.0,0,d6eccc7287b05580,40s,30000
M,687.0,0,0f970cffaaabcae4,50s,40000
M,689.0,0,0ec82b3cc8e1f493,30s,70000
M,564.0,0,e75c1ff6149f2e10,30s,50000
M,617.0,0,a824a1fff0309656,20s,50000
M,757.0,0,010f0068fe1511f9,60s,20000
M,535.0,0,c6478fe952418217,30s,30000
M,774.0,1,400b456da8fc6a7d,50s,30000
M,715.0,0,4ec16cfc706a9778,30s,70000
M,628.0,1,182edcc7923ac896,60s,60000
F,622.0,0,50ba1ad3c206b14b,50s,30000
F,813.0,0,025694033fb0c4f4,30s,40000
F,779.0,0,cdda16373622d5a0,40s,40000
M,672.0,0,18eb39888d6baa64,50s,30000
M,689.0,0,aa0a5f249bfa828c,20s,60000
M,635.0,0,aa39381b1b3f9502,20s,40000
F,689.0,0,7ac8a5c7f9f750b7,30s,90000
F,633.0,0,93450467a07c8f87,40s,70000
F,675.0,0,5b15ae6298b51bd4,20s,70000
F,807.0,0,9c41a155e879f388,30s,60000
M,673.0,0,7d713e8033c24788,60s,40000
F,607.0,0,80f7b6244fb4c141,20s,60000
F,584.0,0,b76c0844692682f9,20s,40000
M,689.0,0,698eba395d3d9d98,30s,80000
F,627.0,0,03ffa271eb39160f,20s,60000
M,697.0,1,c59a75011e0b0d59,20s,50000
F,567.0,0,14a3cffe19811c9b,20s,50000
F,728.0,0,056eb2aef859b89f,20s,80000
M,606.0,0,bbccf7628cc164b9,50s,20000
F,683.0,0,48b5242fa735a7aa,20s,80000
M,656.0,0,7f48268f99430e05,40s,50000
F,800.0,0,1dc8c0d4faec3c2f,50s,20000
F,692.0,0,7253836070757739,40s,40000
F,816.0,0,9eb896861206c3a9,40s,20000
F,719.0,0,2df0387a6bc9192a,30s,60000
M,780.0,0,fd626bc205dee1b2,50s,30000
M,665.0,0,0329c1ecdf23a68e,20s,50000
M,704.0,1,38f0b9991cadcee2,20s,70000
M,765.0,0,1819ff11fb81ce04,50s,40000
M,743.0,0,5c00f9714ec8ea1d,20s,50000
M,717.0,0,ccc8be008553ec28,20s,30000
M,657.0,0,2a4bc1e95da5b007,20s,40000
M,669.0,0,a83b91d8f61a01f7,20s,100000
F,760.0,1,76defc1fb5a2cf38,20s,60000
M,774.0,0,040c6638cf592ad1,40s,50000
F,638.0,0,e7af9d48c94e9dde,40s,40000
M,628.0,0,63b57920488b387e,20s,50000
M,617.0,0,f2ca9dce79547bc8,60s,50000
M,738.0,0,46ecad2cd09c78da,20s,40000
M,615.0,0,505eb1987c9cfaf2,50s,60000
M,737.0,0,c7a53da55bd9d610,50s,30000
M,718.0,1,2a5e2c449d6b9d86,40s,30000
M,642.0,0,c12d0147d5fa2c07,40s,60000
M,789.0,0,f1614ef8b560f8f7,20s,30000
F,578.0,0,b76cfcab3a89cc64,30s,60000
M,796.0,0,b01cb7420f6bebb1,50s,50000
F,702.0,0,3d673f7ae262bcc8,30s,20000
M,535.0,0,7b181f46f7832e66,20s,50000
F,791.0,0,5986595c2a873d1c,50s,20000
F,748.0,1,82369cf939b68034,50s,60000
F,650.0,0,7a2ae6a22f2e6037,20s,50000
F,612.0,0,796a5c73df74926e,20s,80000
M,570.0,0,b239212af4419206,20s,70000
M,849.0,0,303ec46a9264d423,20s,30000
M,615.0,0,8a67429b9a61c550,40s,10000
F,592.0,0,5dc963b26386d060,20s,40000
F,699.0,0,bceb2425c604a9c7,40s,30000
M,565.0,0,d331ec07b6878951,20s,80000
F,611.0,0,a6e68219eddf78b2,60s,50000
M,750.0,1,09d5b5f215a2aace,50s,70000
F,712.0,0,dc224f4bba3a1b61,30s,40000
F,653.0,0,35f4f22299094043,30s,50000
M,681.0,0,5ef803d3cb13aa08,20s,50000
F,649.0,0,3a25e649378380b2,20s,70000
F,676.0,0,159e9bb4cd02630f,40s,60000
M,627.0,0,7d8bc7131bb0c01c,20s,30000
M,639.0,0,ce9ca30ed0e78af0,40s,80000
M,637.0,0,df8eb55d20bb4755,30s,40000
F,629.0,0,238d3693464fa473,20s,40000
M,753.0,0,d0c7dbba52e23af0,40s,10000
F,734.0,0,19aab794fadd0590,40s,60000
F,615.0,0,1264d8b0851d1b3b,50s,50000
M,596.0,0,6430e60745e95405,20s,50000
M,669.0,0,603bf47ba15e45ce,40s,40000
F,831.0,0,7388cd8028f7ecd9,50s,40000
F,608.0,0,f96543a3b56ca727,30s,40000
M,669.0,0,a62f6ddb2c492f09,50s,60000
M,686.0,0,5fe3f66c5f6415f9,50s,60000
M,672.0,0,12642e2619ca2978,30s,50000
F,648.0,0,230a9f56dce3b950,50s,70000
M,761.0,0,b4bd4988480a9630,60s,50000
F,712.0,0,bef55f4c9f2956a9,30s,40000
M,739.0,0,c1cf1aacb48da934,60s,50000
F,721.0,0,956336809a09f6c7,20s,30000
M,743.0,1,d031ec9a95656762,20s,50000
M,791.0,0,44c71913a0d0d2ac,20s,20000
F,773.0,0,5088243497c0156b,30s,30000
F,843.0,0,569198c606acb487,60s,10000
M,765.0,0,673013a8408237b6,40s,50000
M,633.0,0,bc86e8ddb44ae19e,40s,80000
M,739.0,0,7070abd98a18c718,20s,50000
M,730.0,0,3ee9a35e6554b158,40s,60000
M,814.0,1,8f72688724da6a87,30s,90000
F,612.0,0,3dbaeacf82d5b4d2,40s,60000
M,719.0,0,82fb82cb2f7b1c8c,30s,40000
F,632.0,0,8428df3f568ba1df,20s,40000
M,716.0,0,b765f02fe98be1dc,60s,50000
M,665.0,0,7a8252df44f00b4f,40s,40000
F,714.0,0,31d1afd9533b46c2,30s,40000
M,581.0,0,a0ebd56a53af59dc,20s,70000
F,736.0,0,d73cb7f282f550dd,50s,70000
M,694.0,0,ce3e82d9cfa8ae69,40s,20000
F,691.0,0,800eaf50fadca39d,30s,40000
F,817.0,0,f01e6d925a2618da,40s,40000
F,653.0,0,45b125f12cf8c1b9,20s,60000
M,704.0,0,9cf14602640c850d,40s,70000
M,687.0,0,5b906d43f150c406,50s,100000
M,694.0,0,501b8c5c91d8265d,40s,40000
M,836.0,1,47be9aabae893fd1,20s,40000
M,684.0,0,59608dea75c99acc,30s,60000
M,640.0,0,2240f07b2709b40e,20s,40000
M,811.0,0,e019cb807fe2a6f4,40s,50000
M,658.0,0,621cfd8cc1cc09af,30s,40000
M,568.0,0,c776f5edceb8214c,20s,10000
M,628.0,0,0623097c3399d1b4,50s,50000
M,593.0,0,d2f2a02a7fbf59f0,20s,50000
F,554.0,0,532cfb62e9964397,30s,70000
M,655.0,0,4bae88d60cf539a9,60s,50000
M,675.0,0,e6e42a63496cf13a,20s,30000
M,763.0,1,c149bf4303aa3c7b,30s,50000
F,724.0,0,0c74bfde3c3735b0,30s,10000
M,721.0,0,2d0328fcb303c919,40s,30000
F,617.0,0,be4b7b7a05069939,30s,60000
F,742.0,0,a79d9a309e84f597,60s,50000
M,777.0,0,77b2a40543ad9c19,20s,70000
F,708.0,0,96c5d3ca8ea84c46,60s,10000
F,710.0,0,0eff93f29ce25c68,40s,50000
M,591.0,0,b1a407b8e0c63d1f,20s,40000
M,754.0,0,8eab5eb25cfc2e25,20s,70000
F,805.0,0,7a9c32dffb95f7c8,20s,60000
F,703.0,0,cc50b9ee014e0c65,30s,60000
M,638.0,1,6c4b9134edf17432,30s,80000
M,669.0,0,135435205cb7ff6c,40s,40000
F,651.0,0,4da4790be85159fb,30s,70000
M,655.0,0,dae631f6f5958b08,50s,30000
F,725.0,0,201024775a357523,30s,30000
M,700.0,0,a2bc7159e5b4a24c,30s,60000
F,750.0,0,474d958bf7273a57,30s,20000
F,706.0,0,2fb2173dff294d57,30s,60000
F,620.0,0,048ec247aa22a45e,50s,50000
F,645.0,1,2f8a1daf5f4cd2fb,30s,70000
F,641.0,0,851775b2d19e0a64,30s,50000
F,667.0,0,2aa97ef65ce93afd,60s,50000
F,806.0,0,4076645fc3a17979,40s,60000
M,817.0,1,573c6e11dd8351be,20s,40000
F,739.0,0,253f3a05e1ce8559,50s,40000
M,688.0,0,c99d392227c3ee7e,20s,60000
F,585.0,0,38117a797901d125,20s,50000
F,695.0,0,a807e3b58be9a5ac,30s,40000
M,625.0,0,93ed9e162e97b19d,50s,50000
M,794.0,1,a6e9195796b0eefc,20s,80000
M,568.0,0,292df826551aa470,50s,40000
F,707.0,0,33fc71a5a365cbdd,20s,40000
M,619.0,0,cd7fa4affb43e225,50s,20000
M,679.0,0,4e8672b013ef21d8,20s,50000
F,727.0,0,5ef457125aa88f9d,40s,60000
F,752.0,0,b8ee861e2d0101ff,40s,70000
M,676.0,0,f073bcc775897e08,30s,50000
M,733.0,1,384782e693c5f6d3,40s,70000
F,634.0,0,d1bf591d01974893,50s,60000
F,697.0,0,850dab7a118fa7af,40s,70000
F,750.0,0,805bf730f13023cb,30s,70000
M,703.0,0,2fcfcb335d915417,50s,80000
M,643.0,0,9d5f63f0704ae9f5,50s,50000
M,660.0,0,a193292d9f325611,30s,30000
F,751.0,0,4b47ad38b29cc722,50s,60000
M,604.0,0,7eb8da3b8a55fd69,60s,60000
M,614.0,0,5ccd4b497a933014,50s,80000
F,722.0,0,c1928b0128380c56,50s,70000
F,649.0,0,58ee6323ffec7d15,50s,90000
F,578.0,0,df20c2aa9d21d0cb,50s,60000
M,775.0,0,d70cd9f3ecf90ad4,30s,50000
M,603.0,0,632686b0329c06c6,50s,30000
M,666.0,0,3ac00f9205f5f166,20s,60000
M,637.0,0,0930158bb5b2d88e,30s,40000
M,659.0,0,6fe1a4badaef5c8f,60s,50000
M,618.0,0,4729b4aa6f4e762d,30s,50000
F,730.0,0,db8a0446c2f47ddd,50s,60000
F,688.0,1,bee9b01aa2657fe4,30s,50000
F,749.0,1,7064965c712a38b8,20s,70000
M,637.0,1,082f2a1f587725d0,20s,10000
M,829.0,0,53d52e33613fbe91,40s,50000
M,547.0,0,edd1d6b38fd0256d,30s,70000
M,569.0,0,fe5cea5ed218e2a9,40s,80000
M,803.0,0,bfad73df45eda9fa,20s,60000
M,713.0,0,bd2a3bf9ad5eb359,30s,80000
F,704.0,1,403ad1b36b014ff8,20s,50000
M,710.0,0,d7a40ccb5fa1e1e0,30s,50000
F,720.0,0,59f4e5488fe3d8ee,60s,60000
M,701.0,0,5c350dc30d0e57fb,20s,50000
M,612.0,0,0985db8431874690,50s,40000
M,737.0,0,38a2d95498ad94bf,20s,40000
M,726.0,0,dad14025fe63afb5,40s,30000
M,780.0,0,2fd5d7334a82953e,60s,60000
F,803.0,0,8cade15814aa0845,30s,50000
M,703.0,1,856db6799651d658,20s,40000
M,594.0,0,cf67f50e54037dc8,40s,40000
F,804.0,0,31cc2d7cb8ff427a,30s,60000
M,609.0,0,4fa812284e35bb96,50s,60000
F,704.0,0,f3a15454ffbfa8fb,50s,30000
M,662.0,0,d87a0dc1ac1d4f82,40s,30000
F,650.0,0,af1d6ca6fc731a8a,40s,70000
M,734.0,0,f402de61955e138e,40s,30000
M,697.0,0,7926af772062cee5,50s,60000
F,716.0,0,1e25cfd63a8a15c7,40s,80000
F,623.0,0,c0f628008c6bef69,60s,80000
M,668.0,0,2ec7237442dcf03a,30s,60000
F,626.0,0,3b429e996379c160,20s,60000
M,666.0,0,2f08951042ab8b71,50s,90000
M,672.0,0,9ad2343905b2d173,40s,10000
M,809.0,1,5a19cd6b3c9b8ea9,60s,40000
F,662.0,0,5249140c0d812e63,30s,70000
M,531.0,0,c5aa533980ca100a,30s,40000
F,778.0,0,62d1931ee5eaa31b,40s,70000
M,711.0,0,067b25018f366140,30s,50000
F,671.0,0,54c19467ef42ecd5,50s,50000
F,649.0,0,fd9550cfe8599844,30s,50000
M,614.0,0,16b80754409d216e,50s,40000
M,816.0,0,71e05a6386ad61cf,30s,40000
M,684.0,0,3581bf5dba5c85bf,20s,50000
F,558.0,0,e7dc43bb8983c721,60s,40000
M,703.0,0,e2b59844b79fbb21,40s,70000
M,764.0,0,68af9a5161842975,50s,60000
M,691.0,0,9cc9464f0903ce88,40s,70000
F,617.0,0,76c4e2db4f74c9a9,30s,30000
M,611.0,0,02f16be7509dda9d,60s,20000
M,616.0,1,ce9d639ff022f3e1,30s,50000
M,675.0,0,2e146b5c972a9e10,30s,70000
F,562.0,0,d33271a697eb9e5a,20s,40000
M,707.0,0,8aa1b8c7030524bc,20s,60000
M,690.0,0,cf466cb632288d2d,60s,60000
F,649.0,0,75f267180c46ea83,40s,30000
F,609.0,0,cfbaa6e812a84882,30s,70000
F,606.0,0,fbb869979f562701,50s,50000
M,756.0,0,9ab476fcb0041f51,40s,50000
M,697.0,0,cc6f381cd7ad4c9d,40s,50000
M,714.0,0,724a7d9642464af6,50s,70000
M,697.0,0,bcbbe165a0452900,20s,40000
M,703.0,0,b07fa3d7967ae48f,20s,20000
M,647.0,0,10ed7475675a0fed,50s,60000
M,666.0,0,a7a651dcf734fd64,20s,10000
M,762.0,0,7e9811263d70f26e,50s,40000
M,779.0,1,0f0fb4a7e5ff2842,20s,70000
M,594.0,0,e95e482d4dd15aa4,30s,60000
F,665.0,1,1e7b1bd5e3e379c5,50s,70000
F,739.0,0,50fcf4505f41993b,40s,60000
M,812.0,1,df0aa7f3c8cf4020,50s,90000
F,805.0,0,eb7a17bea6e22b97,40s,40000
F,624.0,0,b0d46e4d75856a66,20s,60000
M,769.0,0,256567c846a7cb22,50s,40000
M,684.0,0,cac211a578f9bff0,20s,70000
M,753.0,0,4cee2a0490efb54f,20s,50000
M,735.0,1,f3dde035093cc4ea,50s,80000
F,592.0,0,ab56236781763919,20s,40000
F,718.0,0,31a60e770bb14066,40s,80000
M,750.0,0,574e76f8aa781258,40s,60000
F,679.0,0,5bd8f048dcb53bbc,50s,50000
M,663.0,1,5be447a07c46adfb,20s,60000
F,570.0,0,cc7cf51040e24801,20s,50000
F,728.0,0,520d2415b08fe40d,30s,60000
M,695.0,1,e784d90167bb4c93,40s,50000
M,615.0,0,cf73c142be2488f7,50s,40000
F,657.0,0,ff91a4270836b1ac,40s,40000
F,691.0,0,ef9b6b1be3fe535d,20s,20000
M,641.0,1,94eb7cef16ba49a6,60s,70000
M,680.0,0,2c4295d5043e74e1,40s,30000
M,558.0,0,a8cdb7f0358dcf0a,60s,50000
F,774.0,0,5b54260432f0bfc3,60s,60000
F,681.0,0,6dac150582eab657,20s,70000
F,603.0,0,479778af919b4b98,40s,20000
F,508.0,0,79927d2950980abf,30s,50000
F,752.0,0,0567f29b38b55361,40s,60000
F,719.0,0,2c6bea762c784351,30s,50000
M,695.0,0,1ac2067ec37ca609,40s,70000
F,740.0,0,32187c5f81990383,40s,40000
M,740.0,0,9ede06a2184d92bf,20s,10000
M,694.0,0,ecd468fd240d52b3,30s,60000
F,662.0,0,cb8092522f74a8a5,20s,40000
F,651.0,0,eb9f2d249a2f37e7,50s,20000
F,709.0,0,65a395b71ae680ab,40s,50000
M,778.0,0,dc380e9168532cc8,30s,70000
M,673.0,0,db896e8717b6f572,30s,30000
M,783.0,1,58266e0d1f790ee9,20s,90000
M,706.0,0,045418030e2e5c09,30s,30000
M,707.0,0,9a7e8cce4ec43757,60s,50000
M,848.0,0,6686ac5364e9a3a8,20s,30000
M,796.0,0,a571ab14a92fc3c9,20s,50000
F,798.0,0,fda06f70d4b6d8c4,50s,50000
M,624.0,0,249c60f6bda3b262,40s,20000
M,833.0,1,3e059e1388926264,20s,100000
F,674.0,0,ca66e2b9a549b80c,40s,40000
M,664.0,0,b0594884390078f2,50s,40000
F,529.0,0,361463617c42f6f9,30s,70000
F,703.0,0,a4e80d8edf59fe9f,30s,80000
M,604.0,0,cdd8887d24512c85,40s,70000
F,709.0,0,1546f6d91896adaf,40s,30000
F,599.0,0,7b5896f8ffc15144,50s,50000
F,806.0,0,38ed5586680846eb,30s,20000
F,719.0,0,8403182c1feaf3ae,30s,70000
F,840.0,0,5984e3c7466162bc,20s,20000
F,608.0,0,d43f81b416277530,40s,40000
M,788.0,0,876aa7bbdf3a3435,40s,50000
F,554.0,0,f224bae4e1901066,30s,60000
F,695.0,0,2c33318cb3322568,50s,50000
F,636.0,0,8d46d6e431c399a3,30s,80000
F,649.0,0,46b2cbc12f9d46dc,20s,60000
M,644.0,0,9839056effb3754a,40s,60000
F,616.0,0,102ed3460dd866dd,30s,30000
F,592.0,0,fedf46432bf1d3fd,30s,80000
M,649.0,0,e345d5c0be005081,30s,40000
M,688.0,0,fb546356bc3d34d8,60s,80000
M,761.0,0,6f7e8fca3579b6e2,20s,90000
M,701.0,0,404e673042b3f4c5,30s,60000
F,762.0,1,55d8e9d7e92e9d67,40s,70000
M,577.0,0,d2ed541821a131c7,20s,10000
M,650.0,0,8e681c58dfe72072,20s,50000
F,730.0,0,6d5371a558802f1a,40s,70000
F,704.0,0,a91873613a21055d,40s,70000
F,620.0,0,231673a3b649e232,40s,30000
F,745.0,0,5881555cfd06c145,20s,40000
F,643.0,0,4e6d4d2b18882318,50s,10000
F,626.0,0,59792242d4bb5f69,40s,60000
F,714.0,0,17167f7f784642cb,20s,20000
M,680.0,0,00762e6fc3109ce6,30s,70000
F,643.0,0,f7987b2b5b037599,30s,70000
M,641.0,0,9c8a8399bb5b8eea,30s,40000
M,605.0,0,850672f8f364818c,40s,60000
M,652.0,0,056a0a123e05200a,30s,50000
F,757.0,1,513398c5e831b993,40s,50000
F,697.0,0,5f10b63ef6c611f6,50s,30000
M,747.0,0,3fb8edb98984af08,60s,60000
F,716.0,0,3d0468d2c05611a4,40s,20000
M,637.0,0,7507095176d2bdf6,60s,20000
F,565.0,0,16ad43cf2c11c38b,50s,50000
F,615.0,0,28c77420daeeabe9,50s,50000
F,633.0,0,a2f5d41576f0880f,20s,50000
F,628.0,0,b830677fe952be22,30s,40000
M,749.0,0,d391d5ad94642837,30s,80000
M,748.0,0,f333dc80d9974fa7,20s,50000
F,835.0,0,69a639aae5c88342,20s,50000
F,627.0,0,2ada6e4ec2636dff,40s,50000
M,792.0,0,7a1f79ed6fc55844,30s,70000
M,791.0,0,22299fb0cfe89088,50s,60000
M,664.0,0,977e9e5f2f15d601,40s,60000
M,713.0,0,5d59c58f6dfd0826,20s,60000
M,767.0,0,ed4f218f3ef3e967,50s,20000
M,676.0,0,fe4a473fb80f4852,40s,20000
F,670.0,0,886a9dfa10a0332e,40s,50000
M,636.0,0,5e2544eaaa58206c,60s,50000
M,515.0,0,c6af05820cf2bf75,40s,60000
M,685.0,0,b2af99d1709e20a4,20s,50000
M,630.0,0,871d748ec2cb83ac,20s,60000
F,605.0,0,ed9a0a35081c613a,30s,30000
M,710.0,0,7d485784d6ea5995,20s,50000
F,578.0,0,2cfa4eba3f58e00b,20s,30000
F,736.0,0,b8278ed8c3426041,50s,60000
M,714.0,0,f2be16834b8bd47d,20s,20000
F,652.0,0,064776c7447dc08b,20s,60000
F,676.0,0,2573152aad5b744d,40s,20000
M,597.0,0,791838db3943a5e8,20s,40000
M,733.0,0,88370336fa957bf3,30s,70000
F,693.0,0,70f984bcb9e35798,60s,50000
F,698.0,0,53bbc91386e4a965,40s,20000
M,715.0,0,82e69175579f2cc2,60s,40000
F,635.0,0,f25de04ce7e2ab90,30s,20000
M,574.0,0,bb42e87debd47a77,40s,20000
F,747.0,0,3c6d539c7e88f656,30s,50000
M,728.0,0,542310a4f18e4017,30s,60000
M,643.0,0,c349cc24df6fc94a,20s,60000
F,709.0,0,091f980a8a7c671d,50s,60000
F,768.0,1,9cda744a09d4e330,20s,50000
F,760.0,0,d990a94c2008b51e,20s,50000
M,640.0,0,9118ad4d485ea5fb,40s,30000
M,576.0,0,2c7e568ee3dc144b,30s,40000
F,588.0,0,21848451cfd9f1e0,30s,30000
F,658.0,0,e7c5dc952ae86f39,30s,30000
M,782.0,0,69759443019f190c,30s,50000
F,629.0,0,1fd48e4fdc2b3c84,60s,50000
M,637.0,0,e089f8788625e93b,60s,30000
M,643.0,0,3b124d4c4889deb8,60s,50000
M,679.0,0,51185c5fcaf4d007,40s,20000
M,590.0,0,d66bc59102654f17,50s,40000
F,756.0,0,68beb2bbf66ed485,20s,40000
M,670.0,1,e692cadbb93589dd,60s,70000
M,850.0,0,4d5f8e7d016d86ee,40s,40000
M,598.0,0,76069f6d5a83af4e,50s,50000
M,791.0,0,4e9ff7374d1bb727,30s,40000
M,777.0,1,87c424b82265fdfd,20s,20000
F,651.0,0,74a75b7ec9acd27d,50s,40000
M,652.0,0,b9dcc432a0ce4d9e,30s,40000
F,616.0,0,a3c3c160ae4b4d3c,20s,50000
F,616.0,0,ad978b6a5ba95ef9,40s,60000
M,680.0,0,7a3bdf147ebbd20c,20s,50000
F,681.0,0,75f7c4057ad62da0,30s,50000
F,568.0,0,c516c48652d4317c,50s,20000
F,841.0,1,6172a1a126651bba,50s,60000
F,662.0,0,0e5dd80d7757d4fa,30s,40000
F,685.0,0,735be50de18b48ae,30s,60000
F,636.0,0,e08a3d436e145b14,50s,70000
F,661.0,0,229f47d133367f70,20s,50000
M,655.0,0,66469853a5bea772,20s,30000
F,680.0,0,e618b695788e4f56,20s,50000
F,679.0,0,cd491033d831217f,50s,60000
F,736.0,0,b285de1040b64a34,40s,40000
M,696.0,0,f162c9591f969069,20s,40000
M,729.0,0,4795692c501a0e62,20s,60000
M,679.0,0,0d2721818e008f3b,20s,60000
M,696.0,0,14c62ab97d3e702e,50s,40000
M,663.0,0,3e241a676312dd67,40s,20000
M,750.0,1,cc8217002b4d0d2b,20s,60000
M,703.0,0,867ff12d09699873,20s,40000
M,669.0,0,004bb73b7cc7de0e,40s,50000
M,667.0,0,4f5e2585e06183e2,40s,50000
F,672.0,0,96369fb568854087,50s,20000
M,682.0,0,79cb26823fa0e9a1,20s,50000
M,676.0,0,ca4b601d76f13f47,20s,60000
M,641.0,0,7a49ab9d167966d6,20s,60000
M,734.0,0,35ebafc4605ccd1d,30s,50000
M,738.0,0,384a67eb2b94833d,50s,10000
F,805.0,0,b8c6124140b12412,40s,70000
F,638.0,0,e26387f95dbb35a9,20s,60000
M,727.0,0,707d25301a4c1f6e,40s,30000
F,546.0,0,6108dff7b92237e9,40s,40000
M,738.0,0,a577c00783d1574b,20s,50000
M,578.0,0,e1f2b3ba65f86cea,50s,60000
M,611.0,1,6354e2bb93f6842f,30s,40000
M,703.0,0,779cf42e638678e7,20s,60000
F,636.0,0,321f83a14a6e985e,30s,20000
F,627.0,0,5d4ade2329a3d1ec,50s,30000
F,646.0,0,fc348f6cb759b4ff,50s,10000
M,731.0,0,96f8d9ff8826d05d,30s,30000
F,615.0,0,34bd38a9ef863622,50s,80000
M,676.0,0,367d712ca990a421,30s,90000
M,653.0,0,bf6df437c0d47a30,40s,50000
M,737.0,0,c6b8244241b4a8b6,20s,40000
F,739.0,0,6db88dd048042f0b,60s,50000
F,552.0,0,9c676a29cbf4db94,50s,60000
M,753.0,0,7b2edc0e04c16e0a,20s,20000
F,637.0,0,4601c6c02d37bbaa,40s,40000
F,697.0,0,111e6b5dc413e3c5,50s,80000
F,614.0,0,a503b41b252d9e7b,40s,30000
M,706.0,0,232b885370a71733,20s,40000
F,850.0,0,aa978234d2951817,60s,50000
F,689.0,0,a90d6ac1805d9b5a,30s,60000
F,648.0,0,be6032b1ba627da9,30s,40000
M,664.0,0,f0cff2e98a4e7ceb,30s,50000
F,577.0,0,5d4352f7bf9710d5,50s,60000
M,781.0,0,737cf39a0d259b1e,40s,90000
F,702.0,0,b57dac856694e4de,50s,50000
M,607.0,0,5bec0fa028428bca,50s,50000
M,609.0,0,c616800563ca2743,60s,80000
M,681.0,0,f6d5fe7bb0760716,50s,40000
M,745.0,0,032c170b6dd8bd06,50s,30000
M,599.0,0,bc6509a860af4fa5,60s,50000
M,758.0,1,e9e48253472d57f0,60s,70000
M,674.0,0,954fa924444b049a,40s,60000
M,615.0,0,82667e12faecd337,20s,50000
F,647.0,0,8df06b9539023c52,20s,20000
F,802.0,0,ee32300aa2ec0107,50s,50000
F,583.0,0,4ad543394dcd59df,30s,70000
M,629.0,0,16b7063212e36286,50s,30000
M,747.0,0,8682920982803d9d,60s,50000
F,695.0,0,48b458f7d6d8d104,40s,40000
M,625.0,0,2f19922830b4250b,50s,40000
M,748.0,1,706bef6363d42100,30s,50000
F,751.0,0,24d47f46482b74f8,30s,60000
F,703.0,0,3661afaebb4b2fa5,60s,60000
M,637.0,0,cc87b8cf2e43c2dd,50s,30000
F,648.0,0,fb9faecb1e0e6375,20s,20000
M,700.0,1,a87a53e316821e17,60s,50000
F,588.0,0,50fa39f118fb1a6a,40s,40000
M,773.0,1,8e974bced8c8f996,50s,80000
M,799.0,0,f257db7c91acefe9,40s,80000
F,663.0,0,ba46a205ac319293,40s,90000
M,705.0,0,220cf0a29aa0ee0e,20s,30000
F,763.0,1,96128eb763dc45f5,30s,60000
M,817.0,0,5008658a9f16d133,50s,70000
F,789.0,0,e7bf63e8f399e81c,50s,60000
F,559.0,0,f273175a4b9cc517,20s,40000
M,658.0,0,c812b73be1eec678,20s,70000
F,715.0,0,733e5562dae4b8ae,50s,50000
M,645.0,0,82d2df2f65b23b7d,30s,50000
M,805.0,1,671fbc106735584b,50s,20000
M,794.0,0,660650e2a7c87004,20s,60000
F,623.0,0,a200799d05faa2c9,30s,50000
F,669.0,0,135888ce456b3b76,20s,60000
F,628.0,0,bb4d1eba23de4eff,50s,50000
F,666.0,0,2bf9b6fe2fa9b388,50s,50000
F,664.0,0,f70b9a3aeda21031,20s,50000
M,747.0,0,d70cd4007b7f9c29,30s,60000
F,618.0,0,bf42d1e673917b3a,50s,50000
F,497.0,0,7c032647d12a2a27,20s,20000
M,568.0,0,3ef67bd4b8da49c9,60s,60000
F,608.0,0,ef4f5b7644f16fcb,50s,40000
M,634.0,0,551e2bcb53518567,20s,30000
M,693.0,0,4716911f4a441b55,20s,30000
M,604.0,0,f230fd0a1bd395a7,50s,60000
M,595.0,0,0591bba521c2a2ac,20s,50000
M,615.0,0,370f7fb4c45408b3,40s,10000
F,602.0,0,dcf6c7df1505d3ec,20s,40000
F,641.0,0,3a85ad579daabf52,40s,70000
M,638.0,0,72272eede5c4aab8,30s,40000
M,728.0,1,fb611797690fe985,50s,50000
M,611.0,0,84e637641ca213fb,50s,70000
M,655.0,0,2a218a4e6e7d8dec,40s,60000
F,642.0,0,3c9e271a78966302,40s,70000
M,737.0,0,b2aee3c2d9427252,40s,10000
F,669.0,0,248903193580bd5f,60s,80000
F,754.0,0,34f6c5b1492e2f23,30s,60000
F,599.0,0,959f6ef540153b26,30s,90000
F,677.0,0,87d1439407ee127d,30s,40000
M,640.0,1,a593c819c93f39ba,50s,20000
F,594.0,0,0ffe913c0bf86e85,50s,50000
F,675.0,0,51ed502e4449a8fe,30s,50000
F,801.0,0,628337f54a4c2d62,20s,60000
F,620.0,0,b6e67031118d028f,40s,70000
F,671.0,0,aa1f1c399bcac206,40s,50000
F,588.0,0,c919463406e0f787,30s,50000
M,578.0,0,eb5d34c9cccdd518,20s,60000
F,625.0,0,7a3eadafd69db648,50s,50000
F,649.0,0,9c6b23971032bf21,50s,40000
M,652.0,0,0efe569a777e364f,50s,70000
F,664.0,0,926707b19e89177a,40s,70000
M,565.0,0,dafc018e4392736a,30s,70000
F,636.0,0,56ad46f151fbd0f6,30s,50000
M,715.0,1,6324cee894b39eee,20s,10000
M,585.0,0,0482df9f9eb9855a,30s,50000
F,655.0,0,e8dc98b19e27f26a,30s,40000
M,700.0,0,d5f99af416bfe627,30s,50000
M,625.0,0,656c2b3ea3093dea,20s,40000
M,704.0,0,20e29d258f5f609f,60s,50000
M,574.0,0,5e57ee99d0408b2e,30s,30000
F,742.0,0,5f9ba713e28f2d11,40s,30000
F,706.0,0,bba0d9d6589e3213,40s,70000
M,684.0,0,31fd7e3016c5ef28,40s,30000
F,759.0,0,8e9012815e4a84de,50s,50000
M,657.0,0,0bb3ce7f96ac3975,50s,70000
F,637.0,0,7d9e659650aa3f3b,50s,70000
M,776.0,0,da8da1a179f13f7f,30s,60000
M,809.0,0,fc5fe1911be71ea7,30s,60000
M,631.0,0,db03155204fe8d95,30s,60000
F,672.0,0,dab5bdc5844ce9b9,40s,70000
M,753.0,0,57cd6d2b5e15bb59,30s,60000
M,675.0,0,be4c4bb98b1a244b,40s,20000
F,722.0,1,5f246604958f81c8,20s,40000
F,735.0,0,97bba294cb1f30af,40s,60000
M,641.0,0,5f8772f745e21469,50s,40000
F,709.0,0,f578ed0278bb9c7b,40s,80000
F,680.0,0,b1a198404244350c,50s,50000
M,595.0,0,a7094e259f0ad148,60s,50000
F,611.0,0,1428a32592fae006,50s,70000
M,634.0,0,c31e4ac7d443495a,20s,50000
F,745.0,0,24c63c0cbac1f6d5,50s,50000
M,747.0,0,5e540eb9605cce76,30s,70000
F,732.0,1,18cb94b78754605b,30s,20000
M,711.0,0,820d06424c4d2bef,30s,40000
M,709.0,0,a0613487c7906d89,30s,60000
F,699.0,0,c78e93da38851d61,50s,50000
M,709.0,0,2c0f0be606903679,40s,80000
F,713.0,0,5b79443f6304f8e7,60s,20000
F,582.0,0,da30ff14cf0c7e5b,60s,20000
F,625.0,0,d1d5709771741c64,30s,60000
M,608.0,0,74e78b642853cfdc,50s,70000
F,758.0,0,d8fd0eb899fe7df4,40s,50000
M,796.0,0,0f62dfcf9372b2aa,40s,60000
M,528.0,0,871f40e15378344e,50s,60000
F,790.0,0,3f536607778486e4,50s,40000
F,686.0,0,498ef34813b9f87e,60s,40000
M,751.0,0,9f2d705f7ddd9cef,50s,50000
M,715.0,0,0ba137922ad39fe2,40s,70000
F,781.0,0,a36a31b22681fb28,60s,30000
F,695.0,0,1d684a0f5e3ea89b,20s,50000
M,585.0,0,af7671a10a0d466f,50s,50000
F,673.0,0,9836a177d02b43b5,30s,60000
M,716.0,0,9a1b0f71e1479b80,30s,50000
M,665.0,0,1576963f4c020e97,50s,40000
F,726.0,0,842781b6957d0b4c,30s,70000
F,675.0,0,473784a7832627c5,50s,40000
M,638.0,0,17259d1c10da6876,40s,40000
M,604.0,0,ddb6cd623b7d0e81,30s,20000
M,653.0,0,7dbfdf494a27d300,30s,40000
F,694.0,0,28a9314a30aa83bf,30s,60000
M,543.0,0,d80468ccad07994c,60s,60000
M,625.0,0,1076295325232741,20s,60000
F,540.0,0,f06864c4eb2c4dbf,40s,60000
M,637.0,0,1c9ec7dac7b5b080,50s,90000
F,764.0,0,0d7b95284a91db75,40s,40000
M,597.0,0,118e004ed6c23ec6,40s,20000
F,729.0,0,20c23d8f7b7396a8,30s,30000
M,850.0,0,12990e74b7e8b636,20s,40000
M,782.0,0,ef53f102858eb3ce,40s,30000
M,689.0,0,58339eca0f92683c,60s,50000
F,740.0,0,da0a27b9b3b23bbf,40s,70000
F,584.0,0,289216e85cc06316,30s,80000
M,570.0,0,605ad712bc935c55,20s,60000
F,708.0,0,665f2e103530faee,50s,40000
M,757.0,1,04d0aee31c15ea9b,50s,20000
M,640.0,0,62c18da2d0305010,30s,70000
F,694.0,0,ec73dd4ad149e310,40s,20000
M,691.0,0,2753fb845c3cfa58,30s,40000
M,671.0,0,6b181712a64403f3,30s,60000
M,675.0,0,a9b37c5321da1290,20s,50000
M,620.0,0,40e0f54e9c4eb48e,30s,50000
M,700.0,0,77b5cb7052fca87f,40s,30000
F,694.0,0,2b28fdb80919d6f3,20s,50000
F,649.0,0,bf7bc336ba538116,50s,70000
M,727.0,0,a6f417688387ab7c,40s,50000
F,752.0,0,ce4f61b10ca4dce8,50s,40000
M,727.0,0,d7e067c6a82c5879,30s,30000
F,607.0,0,0ea7c18c44094238,20s,40000
M,687.0,0,f97d6a9ef66bf814,30s,60000
F,616.0,0,585ac08c00a1b8dc,60s,60000
M,687.0,0,af9d55dfb908e104,30s,40000
M,616.0,0,3dd23027a9dcccbf,50s,10000
M,769.0,0,27340a0f1f0e7652,50s,60000
M,735.0,1,8b42154d77dff950,30s,30000
M,761.0,1,4612434b103894d7,40s,60000
F,754.0,0,c9262312fe19a6c5,20s,40000
F,661.0,0,1eb88a39d8849ec5,30s,30000
M,650.0,0,66aeb9b5bd91b463,30s,50000
F,802.0,1,1bf851f7fa7684b2,40s,90000
F,668.0,0,76bbdf89d67fabf1,50s,60000
F,585.0,0,8abe757a9ab0c32a,30s,50000
F,751.0,0,01eccda2d03d5b63,30s,60000
F,690.0,0,65a99bcfa39cf3f6,50s,20000
M,785.0,1,21834ab9ac453c1c,40s,30000
F,697.0,0,2fc80727a7542082,40s,10000
F,679.0,0,14b059adf322daa7,50s,80000
M,787.0,0,3622c05bf7cd3dfe,20s,80000
M,572.0,0,7c0cf2ea925d2c1f,50s,60000
M,639.0,0,8d67e956b0e257c3,30s,50000
F,618.0,0,ac8bcad75061c75d,40s,20000
M,526.0,0,1893570706c3f85b,30s,50000
F,741.0,0,d36908f389f87873,50s,80000
F,641.0,0,412e49e6b966e804,40s,50000
F,743.0,0,e538db4cd296857c,20s,40000
M,707.0,0,dca6a4cb5d6afd67,20s,20000
F,722.0,0,895f8e2ac071fb60,50s,70000
F,648.0,0,d69ff4d47fb37d30,40s,50000
M,627.0,0,16dfe62903d067d5,30s,20000
F,686.0,0,e1243f0b54f7579f,20s,30000
M,744.0,1,5ace2b9cce63cd28,20s,30000
F,676.0,0,bc2066d26740fdbe,60s,50000
M,631.0,0,2f6a60ec165c229f,60s,50000
M,596.0,0,5abda5a9a095a03d,30s,40000
M,694.0,0,353eed8ee1812577,20s,60000
M,641.0,0,4b5b8062b85b5486,30s,50000
M,675.0,0,190e99cb72c3c44a,20s,70000
F,663.0,0,c01286932d4006f7,40s,40000
M,701.0,0,b743d695d407607f,60s,40000
F,719.0,0,bb492d2a32225b76,30s,30000
F,818.0,0,8648ac3d47e37422,20s,30000
M,733.0,1,78b52287267924ed,20s,50000
F,792.0,1,b0b6fb9cddd99490,30s,20000
M,623.0,0,7e51d38397c455e9,40s,60000
F,568.0,0,9d3d05902f1cb09e,20s,20000
M,679.0,0,3d97ba80a02bbc2e,50s,50000
F,740.0,0,0502e50fd8dd2628,40s,30000
F,729.0,0,30a77bd3ecc01b2f,50s,40000
F,765.0,0,9c0ad7f6eff0a559,40s,60000
F,502.0,0,883a4a379adf82e7,20s,90000
F,768.0,0,4aa60e0519a9f9b3,20s,30000
M,703.0,0,d8b9c958cb72d07e,40s,50000
F,572.0,0,692cd0414b086429,40s,40000
F,731.0,0,f524ac1ac2ceec42,50s,30000
F,692.0,0,cffe819b066ad5dc,50s,40000
M,707.0,0,ba6e44282b1ac59d,20s,60000
M,750.0,0,3789a1fdddeb2f7e,30s,40000
F,710.0,0,d30a44e806e172c9,20s,90000
M,577.0,0,88a4062b3c20b322,20s,60000
M,670.0,0,5b2557e43e912988,20s,30000
M,567.0,0,cb04bf8b36e63828,20s,40000
F,725.0,0,76b76765b41e2392,40s,40000
M,778.0,0,d8bb95fff23cc60a,20s,60000
M,593.0,0,001cbc8b7e399556,20s,20000
M,633.0,0,08584d0f54aeb3b1,20s,30000
F,618.0,0,eba22e856c7973ef,50s,40000
F,648.0,0,24b1a7d9ab92b657,40s,60000
M,709.0,1,d91a5db70e976489,60s,70000
M,649.0,0,3dce50e91a2a7309,20s,70000
F,726.0,0,64f8bf0a0c444ed5,20s,60000
M,755.0,0,b267f12e61a6978e,40s,50000
F,757.0,0,6179e23321e21e30,40s,60000
M,602.0,0,51c29320841d66be,20s,30000
F,777.0,0,ef3e6335b9567462,20s,20000
M,783.0,0,5b3fc354736b94ff,30s,60000
F,789.0,0,cf77ed62055b7e72,20s,30000
M,669.0,0,224de2f25f2d36c6,30s,50000
F,627.0,1,39027a87c0e103e3,50s,50000
F,611.0,0,b6ff6c6095262fcf,40s,50000
F,603.0,0,4bfb04a0726fac16,30s,70000
M,681.0,1,6beee9bbc7d91b4f,40s,60000
M,739.0,0,c3ee92bd7728a8f7,60s,50000
F,771.0,0,c4ea82067b055ca6,40s,40000
F,646.0,0,42b5b43b7e6029fb,40s,50000
M,677.0,0,9c09d2a470c9bd6d,60s,40000
M,673.0,0,6bad8dc9059fb102,20s,50000
M,636.0,0,2fe631dcf0dd126b,20s,100000
F,732.0,0,a230ef1c04758b25,30s,50000
F,705.0,0,fa297fe5eedb24d9,30s,60000
F,690.0,0,fe8ecbc4f03cd3b6,20s,40000
F,705.0,1,f5ce3674d77b9fe2,20s,70000
M,723.0,1,2b0b3155d046dd61,50s,60000
M,722.0,0,14b64bf223d4a2a0,40s,60000
M,621.0,0,2f78fec33ea07a59,50s,50000
F,743.0,0,eb510ee8bd8b814e,20s,70000
M,698.0,0,e9de1889ce1dbc0c,30s,70000
M,650.0,0,ed9225b1577de60a,40s,60000
M,696.0,0,06a085e18266b602,40s,50000
M,704.0,0,b68af561800e2823,50s,70000
F,756.0,0,95d77d9d0492fdc9,40s,30000
M,607.0,0,0977971edb21ed3e,30s,40000
M,773.0,0,d5f64edd1b773858,50s,50000
F,682.0,0,b76ce4531fe8f3c8,30s,20000
M,645.0,0,b87ba853c79f01cf,20s,60000
M,642.0,1,5c4e8356d82e1138,60s,30000
M,610.0,0,dbb386fb31debb26,20s,40000
F,558.0,0,0b1f41fa5cef1b97,30s,50000
M,727.0,0,5827cce38b12ccfd,20s,50000
F,819.0,0,2a949ba0017281cf,30s,40000
F,567.0,0,7945ed58dfb8a436,30s,50000
F,613.0,0,4cd98baf4dbc2766,20s,50000
M,733.0,0,51ccc8aa59cf1a83,40s,40000
F,677.0,0,4424c26b15aebfee,60s,40000
M,738.0,0,2d59f871be241ab8,20s,70000
M,673.0,0,29a9ab75ae31953b,60s,10000
M,639.0,0,e71633cf9a45f50b,30s,50000
M,664.0,0,139b212d3b16ad99,40s,40000
M,513.0,0,2e8a3492b1e068ab,30s,60000
M,600.0,0,53a8351977b6ab21,30s,20000
M,746.0,0,c20dea1223e50f11,20s,40000
M,763.0,0,b2745d60ecb8700e,40s,50000
F,778.0,0,5a9dc9f3e38b91e5,60s,70000
F,711.0,0,7c9f44a624a55919,40s,60000
M,522.0,0,2b8bccfa4572709e,40s,30000
F,636.0,0,0144bcfc04642ae2,40s,40000
M,773.0,0,33fd9c2f33801632,30s,70000
M,794.0,0,5e84b5ecf17eb875,20s,30000
M,775.0,1,b7da90254611d9a0,40s,50000
M,663.0,0,caaef3ac12298cd2,50s,50000
M,589.0,0,53c594169424a96a,30s,40000
M,677.0,0,753783b1ea5fd2ce,50s,100000
M,681.0,0,8a37561e04ddfbf7,50s,40000
M,790.0,0,de11451c61e7984a,30s,60000
M,696.0,0,e897853ee23f8c4d,40s,40000
M,681.0,0,a22efeca8aa27495,50s,60000
M,685.0,0,cb7dbf22038130ae,40s,70000
M,708.0,0,730a13a7bc9e5874,50s,40000
M,724.0,0,93ec345727c6a70f,60s,50000
M,629.0,0,5dba34cc357b96bc,40s,30000
M,606.0,0,80b714a70dc06ed8,50s,30000
M,776.0,1,f2b1ba10cfc18322,50s,70000
F,565.0,0,b48f5271e9d5afb6,50s,40000
M,795.0,0,73e52921a4f7b8d6,50s,10000
M,546.0,0,6d2e63d94a9d6271,20s,80000
M,639.0,0,ca714eaa174d478c,20s,40000
F,748.0,0,4b9d7dc39c2a993f,20s,50000
F,680.0,0,91a5a32d567c9c43,30s,80000
F,588.0,0,c11d22fcf5b44117,50s,50000
F,710.0,0,93e83f61c58c3f49,40s,50000
M,685.0,0,577a525c99af107d,40s,30000
F,665.0,0,1a9191e240d9e0eb,20s,20000
M,636.0,1,83fca24f8e16042f,50s,50000
F,678.0,0,9ec6bc7be81ef2c7,30s,60000
M,639.0,0,fc8f0f4ed21ffd24,50s,60000
M,850.0,0,c3f8d32d3d7d37ce,20s,40000
F,663.0,0,18bfd3430eabf53b,30s,50000
M,654.0,0,2eeca1382c4453b0,20s,20000
F,642.0,0,31395edbb0d0af30,30s,60000
M,804.0,0,607a19979718842f,60s,50000
F,565.0,0,e76f8e902d25f0dd,40s,90000
F,705.0,0,1ab12f1a6fc41388,30s,50000
M,663.0,0,064f4117c93f4a27,30s,30000
F,580.0,0,3d8b5bbce3e559a3,30s,50000
F,623.0,0,089fb4304d2a5566,40s,40000
F,702.0,0,14ef7b2184246091,60s,60000
M,619.0,0,a14144ae06295a70,50s,50000
M,698.0,0,8d8cde25a88cd726,50s,30000
F,801.0,0,992440c922524bfb,40s,20000
M,692.0,0,59a54f51d68e42f6,20s,50000
M,578.0,0,70a23476cc8e786a,50s,70000
M,621.0,0,411c5a17d1ca9eba,50s,50000
F,660.0,0,0d49581636005680,40s,60000
M,655.0,0,eb8a2257893def72,20s,70000
F,691.0,1,37392a66222e3c26,50s,50000
F,702.0,0,661a0b2aabd3475b,60s,40000
M,801.0,1,9f32aac43e5cc887,20s,50000
M,680.0,0,c3e6dbb0d8f5f2fc,20s,70000
F,599.0,0,5f23cf7a6272ccdb,50s,60000
M,761.0,0,f4eebe8b931c80b0,30s,60000
F,768.0,0,bd4bb77016905780,50s,40000
F,696.0,0,aed0f2117d884bed,50s,50000
F,663.0,0,ced9d54cc16f77e3,30s,50000
M,724.0,0,8d89e850fb6e27ac,20s,50000
F,665.0,0,ca53a08d5b11d9ba,40s,70000
F,536.0,0,fee661a427f9b5f9,30s,10000
M,719.0,0,b75798a989a29575,50s,50000
F,742.0,1,0579ddf4bd8a25f3,30s,50000
F,781.0,0,0cdf5e8deeaa4bf7,30s,30000
F,629.0,0,e5d0caa2ff3256b0,50s,60000
M,696.0,0,a8de4f570a083639,50s,40000
M,697.0,0,44d435a6f33e0d73,40s,40000
M,686.0,0,6e0413898d950e85,60s,80000
M,688.0,0,e95c999583d7e617,50s,70000
M,683.0,0,e7b7e56a7840cb6e,50s,60000
F,695.0,0,78d52de99320e07f,50s,60000
M,732.0,0,2e666342903775a9,30s,50000
F,765.0,0,be84a1054bb01ffa,20s,90000
M,627.0,0,6b6ec1424e49cfe8,40s,60000
M,668.0,0,e14651daabcde8c8,50s,40000
M,650.0,0,cb5926d09bc0620a,60s,20000
M,640.0,0,cd1cf77c2baf0c46,40s,60000
F,567.0,0,ef86e516520de048,40s,50000
F,682.0,0,19233b02be6443d1,40s,20000
F,714.0,0,69b3071277bb7b6a,20s,60000
M,669.0,0,f7d8c89be82468a3,20s,50000
F,679.0,0,0a74425e63582fbb,20s,60000
M,709.0,0,ac2db2d8522b9301,50s,60000
F,779.0,0,313ccc872edfc8b8,50s,40000
M,651.0,0,699ad6d1e8599181,30s,60000
M,598.0,0,75df4aeb4e488222,30s,40000
M,674.0,0,858fdeaf8720caf8,40s,40000
M,812.0,0,463c108da2f18d7a,30s,40000
M,599.0,0,4d9c41d99cf743bc,30s,70000
F,726.0,0,9888d84a3278adfd,30s,40000
F,761.0,0,038b5245c6392f31,50s,70000
F,514.0,0,247ace82c2571cb5,50s,80000
M,709.0,0,a0362e43e016493e,20s,40000
F,722.0,0,0ae9122120677a7e,40s,10000
M,661.0,0,f2ca704b20e1bc8e,60s,70000
M,635.0,0,a963198133eac66d,50s,40000
M,639.0,0,4f793fcee9551207,50s,30000
M,657.0,1,5a408e8038da1f7c,50s,40000
F,659.0,0,ba8ddf1e6aab349f,20s,40000
M,646.0,0,62b0eb9e3294d1d6,60s,70000
M,656.0,0,41d0892b87802a0c,50s,50000
F,763.0,1,3f5856c063cdae0b,50s,70000
M,595.0,0,ed3ab3f7413fc166,50s,60000
F,558.0,0,817d28cb5efb3a3a,30s,40000
M,764.0,0,d166000f8905ae67,20s,40000
F,667.0,0,be97b15076c4c88b,40s,60000
F,653.0,0,37a6c4eb3e241390,40s,60000
F,672.0,0,af504737bc509abf,20s,70000
F,695.0,0,3f158e1657e43a85,30s,50000
F,643.0,0,44181c3cff5d8182,60s,50000
F,715.0,0,fc61c0bd7be30aa3,30s,60000
M,613.0,0,57a15713c8ece96f,30s,40000
M,659.0,0,7bac0cb6be32219b,40s,30000
F,525.0,0,b226668202f3620b,40s,40000
M,762.0,0,fc5d8477499c301f,30s,50000
M,668.0,0,e67854d14ba84439,50s,60000
M,727.0,0,b9a14fce59a7959e,40s,70000
M,713.0,0,b3d69506e688d029,20s,30000
M,718.0,0,16a7c4f334766981,30s,40000
F,679.0,0,841a120312d37f5f,50s,40000
F,707.0,0,a7fcc0d529fcf4ad,20s,60000
F,613.0,0,3b3ff1a549a88c24,20s,40000
M,598.0,0,7641c83249716a43,40s,40000
M,673.0,0,ed56250881c3a08a,30s,20000
F,632.0,0,9e98ccfae2bd32ec,30s,60000
M,780.0,1,e84c6017ed98111e,40s,50000
F,706.0,0,890be1fbbeee41ab,20s,40000
M,630.0,0,816f2e33c283d4a6,30s,50000
F,661.0,0,3ac88584a4a92a1b,30s,70000
M,689.0,0,91c7c7de00ea8837,40s,30000
F,675.0,0,a85b1f0838eaf91e,40s,30000
F,699.0,0,d34282106ab1a599,60s,70000
M,685.0,0,58593afa42101541,20s,50000
F,583.0,0,71baa946f58b2748,30s,60000
M,529.0,0,fbcdfabdad601dcc,30s,60000
F,654.0,0,df06f76a05053372,40s,50000
F,719.0,0,176c7fb66231f0e9,40s,40000
M,655.0,0,a455f691b9e33311,50s,60000
M,767.0,1,f7b858e45f6db2c3,60s,70000
F,677.0,0,5d3c0dfb7b178126,50s,70000
M,775.0,0,33633566451b86c2,20s,30000
F,761.0,0,ad0c6d93fd7cad8e,20s,70000
F,754.0,0,3c5e7f2d70ed6c87,50s,40000
F,596.0,0,67aedee06d7cdb2a,60s,40000
M,681.0,0,4dc91786835fe569,30s,50000
F,766.0,1,5a51fa0b2fc80ebe,20s,60000
F,699.0,0,655ea04a61cbf9f0,40s,60000
M,719.0,0,5a5769a9d24eba53,40s,50000
M,583.0,0,15660b90dce4bef9,50s,70000
M,814.0,1,453924c0e2edbf5c,40s,50000
M,625.0,0,1105281de04b1a2e,50s,40000
F,540.0,0,59b9e964c2fe521d,50s,40000
M,655.0,0,0f166cac53ebf5dc,20s,60000
F,509.0,0,54e647402bec9ba0,20s,50000
M,604.0,0,64c9da714ed18716,50s,30000
M,850.0,0,295adbb878d9f764,20s,70000
M,653.0,0,bc2d123dfd497860,20s,40000
F,580.0,0,4a455be236cf10b3,50s,80000
F,682.0,0,f121940dfd94239d,20s,20000
M,617.0,0,ed830ebf917a6a5d,20s,50000
F,741.0,0,362329d0f5132699,20s,40000
M,618.0,0,6a38a28401a7130c,40s,30000
M,699.0,0,8ae81897f1b51a9f,40s,40000
M,600.0,0,016c72d516a417dd,50s,80000
F,850.0,0,2c7934aca6d0c58e,50s,50000
F,715.0,0,e05e228361838959,40s,40000
F,670.0,0,6bf3e9f1faa9e643,50s,20000
M,659.0,0,d51e8b913eedc6ef,20s,20000
M,641.0,0,ee4f52832e723a6a,30s,40000
F,627.0,0,99222547c23a2466,30s,40000
M,625.0,0,e54341b66b6074fa,20s,50000
F,797.0,0,9baf19f3ceaee380,60s,10000
F,641.0,0,84026f8dd3d74f22,30s,50000
M,531.0,0,ef2662f50dcaa27c,30s,70000
F,598.0,0,9a2c4ed8043f8e09,30s,80000
F,745.0,0,89afdbafa015cc5e,20s,20000
M,662.0,0,6e2aab1af6539e18,50s,40000
F,671.0,0,5bc4aec103f8db02,20s,30000
F,762.0,1,25d943d57f885323,20s,50000
M,626.0,0,bd4f2874119fac69,30s,30000
F,724.0,0,a5db6b97355ecf6d,20s,80000
M,633.0,0,253f6ed4d19d1aca,60s,50000
F,720.0,0,d0d2633f00962a52,20s,50000
F,653.0,0,17f7417d7a4d0c9d,30s,80000
F,663.0,0,4b269bd4c721cf7a,30s,50000
M,737.0,0,be3c0c2ff2944b58,20s,60000
F,732.0,1,119bc841ccf6093a,20s,40000
M,668.0,0,47ab135ee4570a6c,40s,30000
M,647.0,0,e7b9bdcf59cf000a,30s,40000
M,792.0,0,bb4c5db6a6297583,20s,90000
F,721.0,0,9308243f846d3126,30s,60000
M,653.0,0,59f7626869a87cbd,30s,50000
M,634.0,0,e6968ae7c9db96f5,30s,30000
F,752.0,0,bc8d83ec27680e9c,60s,70000
M,688.0,0,88abfa0b84bddea6,30s,30000
M,669.0,0,210d86697aeeb67a,50s,20000
M,688.0,0,1463f809c7b93fcc,50s,40000
M,704.0,0,32707b82ea2d2e6f,20s,90000
F,676.0,0,9ae45026e1083610,40s,80000
M,764.0,1,aacbea9a8933f62b,30s,40000
M,768.0,0,a2d7b46d3a9d64c6,40s,40000
F,717.0,0,28fd5f42d8bd99a4,20s,20000
F,776.0,0,1d89accc0673a046,40s,50000
F,681.0,0,68398cf8771a3223,20s,50000
F,728.0,0,f850ee3a19245551,60s,60000
F,750.0,0,7467ce63189ce2b8,40s,70000
M,751.0,0,ed4ec0564ca9006e,20s,50000
F,744.0,0,edf96f59ca43e9f9,40s,60000
F,724.0,0,3d0205ac300aba8d,60s,40000
M,817.0,1,3eaafae0510056b5,50s,60000
M,642.0,0,276df5a2db8fd93c,30s,40000
M,669.0,0,adb94ca557715639,50s,60000
F,665.0,0,5e4bb001174df79e,20s,60000
F,654.0,0,4e51796852552156,30s,50000
F,541.0,0,31479adf2e547f5e,20s,60000
M,776.0,0,d79179e46c2b38cb,60s,20000
M,608.0,0,3720283c86afa230,50s,30000
M,692.0,0,2fbe98a78b0324bd,40s,50000
M,580.0,0,af55621f71f637c0,40s,20000
F,723.0,0,2866cde84c47ecfb,30s,40000
F,625.0,0,15b5430bf7db4b10,20s,40000
F,600.0,0,85a23fe606927f22,50s,70000
F,694.0,0,ccc2169e4bfc716f,60s,50000
F,631.0,0,ebd8f545618e1c27,20s,70000
M,640.0,0,b88972a1829f0840,20s,60000
M,692.0,0,4e51fd49bf1d1e44,40s,40000
M,736.0,0,6fcc1da005bfac59,20s,50000
M,623.0,0,c25c74857cd6e2d9,50s,60000
M,611.0,0,30493cd98b3d6da0,60s,70000
M,682.0,0,18de8c2ff56fbd57,30s,50000
F,718.0,0,b04c87de0b809e6c,30s,20000
M,782.0,0,89079db251fc7a5b,50s,20000
F,605.0,0,babf429ea4017f32,30s,40000
F,658.0,0,4cd76c44ddf1d3b2,30s,10000
F,762.0,1,abd799f8ea6b6c74,20s,80000
F,818.0,0,118756a025dbfdf5,50s,60000
M,610.0,0,77e2f6c46e7668e3,60s,40000
F,628.0,0,27bcb309a7b78d40,20s,30000
M,707.0,0,4312c6b4e3691dce,50s,70000
F,640.0,0,ff57c4a3a1a2928e,20s,30000
M,627.0,0,9f42c4106fb767c6,20s,30000
M,697.0,0,bd04f09af0016b3d,30s,40000
F,788.0,0,e66b6f44d2948903,30s,50000
F,588.0,0,78fd6576b046aee1,50s,60000
M,785.0,1,8edfda342c695390,50s,70000
F,640.0,1,8435d409563c1d8a,20s,70000
M,704.0,0,b83ed0e20e3e539c,40s,50000
F,791.0,0,ed3e0fb013cfc888,50s,70000
M,703.0,0,9f934b398713daa3,40s,40000
M,659.0,0,b596ee785bc1fbbd,30s,20000
M,730.0,0,5d6acc5e904f3a9f,20s,40000
M,668.0,0,1c12a957a262d1f1,30s,40000
M,716.0,0,5a31fd4144fe3504,40s,40000
M,666.0,0,1b71ec98c7e43710,30s,30000
M,740.0,0,87e39d845ea475ff,20s,40000
M,582.0,0,99f4a3615a64db46,20s,60000
M,609.0,0,484aea9b1bb9b858,40s,80000
M,581.0,0,b298210c7f386cf2,60s,20000
F,676.0,0,4fabb290042ca209,40s,30000
F,573.0,0,f086931300906799,30s,40000
M,632.0,0,d815c52e0a431462,60s,60000
F,602.0,0,cb73a4c241b5d435,50s,50000
M,784.0,0,d7eeb36bbbff4e73,50s,40000
M,611.0,0,157619848d3a9fea,40s,60000
F,590.0,0,6ababdde8891f8ce,50s,70000
F,697.0,0,c261e685ea5464e1,40s,50000
F,798.0,0,5d6dd5877f7f533c,40s,40000
M,672.0,0,bb8223a216dbfb85,40s,50000
F,677.0,0,80526ae7c3e6cdef,50s,50000
M,770.0,0,214790941f5c6934,50s,50000
M,741.0,1,2dfa3179fbe58f84,30s,40000
M,710.0,0,dc632c5a153fce43,50s,70000
F,639.0,0,aebd13371d2af178,20s,50000
M,712.0,0,31511b0a3cdec624,40s,70000
F,585.0,0,f9bae3587a8c4525,50s,70000
F,636.0,0,05b09091c469cf1f,40s,60000
F,780.0,0,c1bc94aa3c61ba2f,30s,40000
F,771.0,1,5a9230efdfec6010,40s,70000
F,711.0,0,fb300f3cb36273aa,30s,60000
M,595.0,0,2882ed3920aab6bd,30s,60000
F,632.0,0,f6bda273c7a040df,40s,60000
M,668.0,0,195128821f295853,20s,60000
M,592.0,0,f4b92802925284b0,30s,50000
M,663.0,0,15c069faf48aea46,60s,50000
M,804.0,0,486adb436c196444,50s,60000
M,708.0,0,edb7ca281649f6d4,30s,60000
M,695.0,0,cf679de8709d0191,60s,70000
F,609.0,1,08554eb0842e60a7,20s,60000
M,565.0,0,8ac7177d6ceca879,60s,40000
F,594.0,0,bde84ad13e2e4908,30s,40000
F,562.0,0,4dcc01bb56283be4,50s,30000
M,685.0,0,89ca225bb713ada3,60s,80000
F,707.0,0,e9dc56cd31524eaa,40s,40000
F,612.0,0,fb19a0f40af1ae49,40s,70000
F,690.0,1,72b0da5bcc1a78ef,50s,50000
M,783.0,1,583cfb430b3d7550,30s,60000
M,817.0,0,38f4b30796582c8b,20s,50000
M,734.0,0,034bb5489986b9eb,30s,40000
F,668.0,1,61851674f5c82e17,40s,30000
F,732.0,0,833314642a80ec5a,50s,80000
F,775.0,0,616a4eeeb163c034,30s,50000
F,539.0,0,a3787987e8f6b273,40s,70000
F,784.0,0,4481c3d5cf79cd3d,20s,70000
F,642.0,0,791e2f3ad3561e42,20s,40000
M,643.0,0,f67561bcb42e8528,60s,60000
F,655.0,0,b87d5c252de750be,50s,50000
M,702.0,0,3bf62d77d38642f2,50s,30000
M,602.0,0,23f79e9caecb42bd,30s,50000
M,660.0,0,6abaa345290339ee,40s,60000
F,717.0,0,150ec42d9a80f03e,40s,40000
M,695.0,0,d0b8dba61f65af6a,30s,40000
M,707.0,0,3d6ad3468ec49323,50s,50000
M,657.0,0,70c1c6b0e2766e16,50s,90000
M,729.0,0,69e1a374fae5aca4,30s,20000
M,754.0,0,4fefc31878a1895e,30s,60000
F,750.0,0,87f7982faf1b30d5,30s,50000
F,710.0,0,f8b14dd0f591b02c,50s,40000
M,746.0,0,00717b9de9cfb926,60s,40000
M,741.0,0,81ea7f543e7223fb,60s,60000
M,850.0,0,69f6cdddc85a8dab,50s,60000
M,765.0,0,08386f54856b83e4,30s,50000
F,674.0,0,45a098dc30cc2bcd,50s,70000
F,616.0,0,5c4d2390d5780a01,30s,70000
F,662.0,0,7fcc69a38793e813,50s,60000
M,657.0,0,984ebe533d8d1e04,30s,40000
F,716.0,0,1682beed46715c81,30s,60000
M,631.0,1,4e3b7d632820b9ef,20s,60000
M,763.0,0,323e520f8747259a,20s,40000
F,583.0,0,7e081f9e9f91e0f8,30s,20000
F,566.0,0,310a866462bf1a44,40s,10000
F,671.0,0,d6dfb7ad26c4f54c,20s,50000
F,621.0,0,1ebca3f3c7dabe8a,50s,60000
F,592.0,0,e483339696585cf7,20s,30000
F,635.0,0,fdcba7bbf66cdad8,60s,70000
M,627.0,0,277636b2126dfc9c,30s,50000
M,681.0,0,da94b250febb11ec,30s,70000
M,637.0,0,759360149e735082,20s,60000
M,642.0,0,13d16e4f9c36f844,50s,30000
M,680.0,0,06cfca1cf664482d,50s,60000
M,751.0,0,a3173f3e9f536a3d,20s,60000
F,783.0,0,315e66cb54ccd1b3,20s,40000
F,690.0,0,1f64087bf0b891b4,40s,20000
F,696.0,0,6c7bb75f84e2d129,50s,50000
M,667.0,0,ab2afe6f03ed37b7,20s,30000
F,714.0,0,44343510c8c2f150,20s,70000
M,707.0,0,2ae865245ff5e3eb,40s,40000
M,773.0,1,99dffe731e231839,20s,80000
M,548.0,0,9a2c40adc19e73b0,30s,10000
M,664.0,0,a571267e7fcf2864,20s,50000
M,704.0,0,491c2d1bfafaaa59,40s,80000
F,678.0,0,245726d74b94019b,50s,30000
F,614.0,0,82c558dfa2aaab61,30s,50000
F,589.0,0,c08520116e681c51,30s,40000
M,736.0,1,60ef5948adb75cf9,30s,40000
F,627.0,0,a4ddd539f1c74f4b,40s,50000
F,557.0,0,8b7dfdc29a13d721,20s,30000
M,740.0,0,1bb9f7d2362f1843,20s,50000
F,712.0,0,0d45c2b38577ad54,20s,60000
M,672.0,0,0dde789b66e9864c,60s,50000
M,616.0,0,99c06ca7ebfd6152,50s,30000
M,672.0,0,71adf481e6468019,20s,70000
M,765.0,0,c5b9048daf0d06ec,30s,60000
M,567.0,0,0c55e0eb4d830f7c,30s,30000
M,571.0,0,53e0bc09363440f7,20s,30000
M,636.0,0,90c9cef123b687a4,50s,30000
F,678.0,0,007ea6e83de32384,60s,60000
M,645.0,0,858def05444d0d3c,30s,50000
M,725.0,0,8852e65f22cd3738,20s,60000
M,756.0,0,83f4936e2f788c38,30s,40000
F,700.0,0,2a643ea2278965ca,40s,30000
F,719.0,0,282ef1d09dcb7154,50s,70000
F,699.0,0,7c512b1391c5e5fe,30s,40000
M,681.0,0,cd8842bd3c8c7f23,30s,50000
M,589.0,0,ea17076a73c0901a,30s,20000
F,608.0,0,4459df6f607ed955,20s,40000
M,585.0,0,caa90e52b5d7d819,20s,70000
F,670.0,0,dd23e18c4122a959,30s,40000
F,696.0,0,064418d93dcf5c39,40s,60000
M,579.0,0,664268d18c9c9de7,20s,10000
F,685.0,0,002c26b0c69e433d,20s,40000
F,619.0,0,e14400917f9d916d,60s,50000
M,605.0,0,1e563b6eca764c38,60s,80000
M,636.0,0,7b1fec90790a6219,40s,30000
M,602.0,0,c136b625f3cb819a,40s,60000
F,722.0,0,f53425471ea1328f,40s,70000
M,668.0,0,6cb189cba718f833,30s,40000
M,737.0,0,31751c8d06e8acc4,20s,40000
F,649.0,0,18ced02ab14725c2,30s,50000
M,652.0,0,b97704eae5328253,50s,20000
M,811.0,0,73c12860d0ce777d,40s,40000
F,566.0,0,7566baa8086bf4ae,40s,70000
M,770.0,0,14fd0f69af17c105,40s,60000
M,796.0,0,00e9fb26c89c2fd3,20s,50000
M,734.0,0,1f40b0a903663af6,40s,50000
M,657.0,0,b2f49a5ca41a56d7,50s,60000
M,780.0,0,047aaed1d824adce,40s,60000
F,657.0,0,9af49c7607d86169,40s,40000
F,631.0,0,b0ab0fa935ebc0fb,20s,80000
M,653.0,0,ae0befbe2f945803,50s,70000
F,640.0,0,07d4e096be2ff8d8,30s,60000
F,614.0,0,4deee4720ba2c7c0,30s,30000
F,758.0,0,260e85d7e1a537b9,40s,30000
F,626.0,0,21b7ec56c2073709,20s,40000
F,678.0,0,17b8848ba184c9b7,60s,50000
F,579.0,0,67c05b430152a6e3,50s,20000
M,682.0,0,490fa14fe1903884,30s,60000
M,599.0,0,063f82f82da23195,50s,70000
M,597.0,0,97e1d7cbbef7cd26,20s,60000
M,672.0,0,ea778607f89cbaea,30s,40000
F,754.0,1,0bd7e2b4f67642a7,40s,40000
M,711.0,0,57eb5f149133bbc1,20s,60000
M,716.0,0,c0065be5f370e881,50s,50000
M,671.0,0,0de8e6e397e495ea,50s,60000
M,657.0,0,7a4ed79e9add1652,40s,60000
F,735.0,0,eafddc12c6921712,20s,70000
F,641.0,0,5444c418283e9ecf,50s,30000
M,738.0,0,ef12545bac4b105b,30s,50000
M,767.0,0,8efe8712a6575ca2,50s,40000
M,621.0,0,5901672271187132,40s,50000
M,631.0,0,275d4ed2bd6dd9dc,20s,70000
F,642.0,0,46c1837ce1e6c0a3,20s,70000
F,577.0,0,fd66792158ad5d89,20s,80000
M,647.0,0,17fccb465e7a829c,20s,60000
M,771.0,0,7ef6c9c3186ae6d2,30s,50000
F,607.0,0,08fd1e1c33ab584e,20s,50000
F,773.0,0,fe484c799ee23923,60s,20000
M,650.0,0,8301cafa41b8e37d,60s,70000
M,828.0,0,f31e9144b8a90d08,20s,40000
M,632.0,0,8ce19e80c87a8150,30s,60000
F,670.0,0,25e724fedf650dc7,50s,60000
M,616.0,0,c41a8bcf8dc2b595,40s,30000
M,632.0,0,800dbd0baaad1e12,40s,30000
F,774.0,0,ad1de1b9573c19a7,60s,80000
F,713.0,0,d82144223b250b83,40s,60000
M,752.0,0,2be0e846c10c06a7,40s,40000
M,588.0,0,4959678a6364125c,40s,50000
M,726.0,1,a762717d09cc7e4b,40s,70000
F,612.0,0,dc6c3dae2a3ce4dc,30s,70000
M,586.0,0,d1663db286b39138,40s,20000
F,697.0,0,af0c411bb99cd305,60s,80000
F,696.0,0,6600c00ae7657e75,30s,70000
M,684.0,0,5e47db9a00637800,20s,50000
F,730.0,0,67177e9815fbe058,40s,30000
M,741.0,1,53f2e4d4a1c93c4b,50s,70000
M,783.0,1,d20d2c9d09a9fd14,60s,60000
F,597.0,0,1abe88aab26d6ad7,40s,20000
M,785.0,0,d8514079be9255be,50s,50000
M,654.0,1,db80d0f6d038db19,30s,50000
M,563.0,0,0924ea00728ece21,30s,40000
M,583.0,0,c3e5c1b83c8a0d27,30s,30000
F,648.0,0,11324c292fb06c6f,50s,80000
F,821.0,1,485a897c911c28e3,50s,70000
F,681.0,0,7b036a57aca3e04f,30s,80000
F,637.0,0,5f4878f590d37582,20s,50000
M,632.0,0,1ead7da20a55eaa9,50s,70000
F,587.0,0,6b1657218b764e78,50s,30000
M,741.0,0,d03df5535ae3765a,60s,50000
M,674.0,0,12dd1d6d25c4801b,30s,60000
F,827.0,0,894a2f786a19a598,50s,70000
M,724.0,0,2cb5f9c9fc9bb730,50s,60000
M,738.0,0,1250b0ef016207e2,50s,40000
M,663.0,0,33a3cc703f8078c2,50s,50000
M,604.0,0,b86d9bfd4f23e37f,60s,20000
M,619.0,0,3bc61ed5ac3be304,40s,10000
M,584.0,0,20228b580ece9502,20s,60000
F,744.0,0,4dc863f3513ea4f2,20s,40000
M,653.0,0,14a65b8031d321c1,50s,50000
M,747.0,0,65661ade87476b73,50s,60000
M,690.0,0,0d4ec0d2358a7fd8,20s,80000
F,660.0,0,14475e1f4c0c4537,30s,60000
M,598.0,0,3983dac55ebc85a1,30s,80000
M,701.0,1,5dd6099a3e097117,30s,60000
M,665.0,0,ae707af055172802,40s,60000
F,743.0,0,66048758bd9f95d2,40s,50000
F,630.0,0,3e9a20750aeb2cc4,40s,30000
F,723.0,0,eedcd78c30dd0753,30s,70000
F,795.0,0,80bc45484ceaa469,40s,10000
M,699.0,0,adfd2dae579b45cd,50s,40000
M,735.0,0,4a293bdb7c5d3ed7,20s,50000
M,720.0,0,fc96d5331b3cd8bc,20s,40000
M,813.0,0,df582abe112adc01,30s,40000
M,706.0,1,80f343bdf3c60cda,30s,80000
M,729.0,0,56d751b8dc470311,60s,70000
M,677.0,0,51c92c40ed0cf13e,50s,40000
F,626.0,0,63bbedb0f43e846e,40s,40000
M,595.0,0,1e8340a857b0c6a7,20s,30000
F,769.0,1,73f3f4ede3837b56,20s,60000
F,609.0,0,7fbce1a1cf077d70,40s,50000
M,732.0,0,c630f42917fcb85d,40s,10000
M,709.0,0,71349ab22dbf3951,40s,50000
F,744.0,0,ea9e62bdb20aa6e6,20s,60000
F,644.0,0,9a826ae152ae7b86,50s,70000
M,625.0,0,875dfecea04effe3,40s,50000
M,706.0,0,df1a25865b24b0f9,40s,40000
F,660.0,0,956ee2d3e8525420,20s,90000
F,594.0,0,bb00ee4b8693645a,50s,50000
M,816.0,1,594ea13ea99dbd50,40s,60000
M,625.0,0,011902be95572198,20s,40000
F,610.0,0,1c38d25858e22991,30s,60000
M,663.0,0,bb58d2f697940101,30s,20000
F,768.0,0,30a5f748abe2364e,20s,40000
M,528.0,0,15d4bb4f964ee817,60s,30000
M,762.0,0,305b97c1a876aebe,50s,40000
M,616.0,0,a83e2e474f73ec18,50s,70000
M,699.0,0,3d9fcf443c4c7847,30s,40000
F,633.0,0,86adc71f5e1bbf20,40s,60000
M,819.0,0,2cdf0c6da878212d,40s,80000
F,689.0,0,1d5b920a5a3f56aa,40s,50000
M,630.0,0,e134ddc421ed07d2,40s,70000
F,659.0,0,5eafcb27c66012ac,30s,60000
F,686.0,0,04436f0e53a9186a,50s,50000
F,692.0,0,0b975d1ac8dc3bee,20s,60000
M,711.0,1,86b37c4ac052f615,20s,80000
F,680.0,0,e93265a8e2df9149,50s,40000
M,584.0,0,7e7373eecf0429a7,50s,30000
F,656.0,0,c75a868500573cd2,50s,30000
M,722.0,0,017c4a048d3d37db,30s,70000
M,633.0,0,73d7c120652ede7d,40s,70000
M,727.0,0,acadce9bdf007ffe,20s,40000
F,682.0,0,c245bfb40fa3163d,30s,10000
F,665.0,0,14b42590a9dbd8d9,50s,40000
M,764.0,1,5b59a6da4ca8d326,30s,60000
F,558.0,0,b6379eec9aac45cd,40s,50000
F,633.0,0,453baf6bfcbc0deb,20s,50000
M,766.0,0,0559ef1c9b18670a,40s,40000
M,808.0,1,d615b81c2ab01c66,50s,70000
F,840.0,0,719d402398c3b2a0,40s,60000
F,684.0,0,9565685ee324f8a6,40s,60000
M,712.0,0,f5968f1050604104,60s,50000
F,737.0,0,92f890b5e6576e2d,30s,60000
M,769.0,0,a3f7111ef2b1d2ba,30s,60000
F,702.0,0,df27d5e24bc963d1,40s,30000
F,745.0,0,d43acd669dd9556a,40s,60000
F,712.0,0,a0de47ba83c70a73,60s,60000
M,717.0,0,63b74630bacef46d,20s,70000
M,616.0,0,d806f59dba8fb363,20s,60000
M,657.0,0,1e2d45c5b8c79d0e,30s,30000
M,643.0,0,a0e229e41fb6bdcc,40s,40000
F,597.0,0,9f45c2683ed4dd62,50s,40000
M,564.0,0,5f2fd81522bbbd4f,40s,50000
M,650.0,0,62cff57561e6bf45,30s,50000
M,662.0,0,1ebcdfcdca3b6ca0,20s,30000
M,687.0,0,e393aafbfa0fe39e,30s,30000
M,719.0,0,434f405f2fe1ef76,40s,10000
F,693.0,0,1f62ae4a20c673b7,40s,10000
F,662.0,0,479e79c60083af25,40s,50000
M,616.0,0,84980a1526ca2e2b,30s,90000
F,741.0,0,b7942603d368abaa,20s,80000
F,673.0,0,6f46020bc91402ad,20s,30000
M,650.0,0,5f6273c6405f1194,20s,50000
F,667.0,0,cb4446ecf90a8189,40s,20000
M,629.0,0,35450d6e573d15e1,50s,30000
M,643.0,0,4eb3b08abdcf7fa0,50s,30000
M,641.0,0,8cf57b3ba5dbb868,30s,50000
M,660.0,1,a010c1a247e49285,20s,50000
F,726.0,0,c4b685c44291a3b0,40s,50000
F,708.0,0,fc883cc6f1144238,20s,60000
F,788.0,1,e11f4f1d64fc7cbb,40s,40000
F,765.0,0,b9d077aa6e900359,30s,50000
F,817.0,1,ddbcf75fc8f5b932,50s,30000
F,719.0,0,aa64d54897b2670a,40s,30000
M,718.0,0,145340239312a62b,50s,20000
M,646.0,0,58c5f2a41610e91e,30s,60000
F,738.0,0,50bac2ee5fe14706,50s,40000
M,634.0,0,d408f80454970845,40s,20000
M,577.0,0,010f9eaf89f52b7f,40s,50000
M,787.0,0,7c579d66237f7b3d,30s,30000
F,593.0,0,c2b0ee668dc0c954,30s,80000
M,711.0,0,2aa93846a42e263b,50s,40000
M,618.0,0,ac0bf7c76b16deb2,30s,60000
M,759.0,0,fd2d76b4d9b8bb46,20s,70000
M,768.0,0,4804a89146896ab6,30s,30000
F,717.0,0,4ee69ed42b199fb8,30s,50000
M,767.0,0,b381b280d41bcb74,30s,60000
F,681.0,0,38ede7aa9a7eb0aa,20s,50000
F,836.0,0,159ff16843698105,20s,60000
M,732.0,0,dc449e26f07ca49a,30s,30000
F,617.0,1,56aa9cdeeba27e31,30s,60000
F,685.0,0,55c6a9a6ec924ebf,20s,40000
F,669.0,0,291d978e11077adb,30s,60000
M,662.0,0,421cec286485ce01,30s,70000
M,564.0,0,35b8db1984cc0e2f,20s,60000
F,707.0,0,e8bafd5204edf49a,30s,60000
F,583.0,0,13bff9cad10ed6c1,30s,60000
F,503.0,0,fc4022540db398e2,20s,60000
F,656.0,0,d7eada41c90f751f,50s,80000
M,627.0,0,54fdb9ec9366cdfc,20s,50000
F,620.0,0,1a17018645a00e9e,40s,50000
M,463.0,0,dcb3841f89b0998e,40s,70000
F,620.0,0,b0921cb2cfc89d64,50s,40000
M,668.0,0,763c41efc063c924,40s,30000
M,636.0,0,0723304343b84cbc,40s,60000
F,707.0,0,3977640ef8143f49,50s,50000
F,777.0,0,ba5e70c7df473887,50s,30000
F,716.0,0,5eae7a198d56e6c4,20s,60000
M,752.0,0,68847f31a2f39b5a,50s,80000
M,758.0,1,729502dcf0b8bb1c,40s,20000
F,609.0,0,b9aaab86c26affa0,20s,70000
M,711.0,0,6b66351fc4b0bbfc,40s,10000
M,750.0,0,40552242f4776d08,60s,40000
F,649.0,0,49eca30a679fa0fc,20s,80000
M,625.0,0,0382305285746e44,20s,40000
F,717.0,0,588c82ae719f1fe5,60s,50000
M,576.0,0,6cecc98a02b02089,40s,60000
F,604.0,0,b447a59f028d88a3,20s,20000
F,633.0,0,2e298d8518baa634,50s,50000
F,712.0,0,3242029f026b7478,30s,50000
F,695.0,0,cfa13fe331201d82,30s,80000
M,752.0,0,7a4c95ed8c2158bf,30s,30000
F,615.0,0,10a7814b9469f8c8,40s,40000
F,612.0,0,ead6f4f38daa3252,20s,30000
F,717.0,0,a4dd11af92a1c84c,30s,30000
F,624.0,0,f0ba9cdd8797ced0,30s,70000
F,638.0,0,52844a10891370a2,20s,50000
F,550.0,0,8551f9973490e920,50s,40000
F,700.0,0,8a8a00921c351ac2,20s,40000
M,788.0,1,6c55157ae6289874,60s,40000
M,608.0,0,f08adec3e6f43b3e,20s,40000
F,752.0,0,70bdbefa11338b86,30s,30000
M,676.0,0,7fe90d0e9ac443d0,20s,50000
F,556.0,0,a52df8b7344d901a,30s,40000
F,617.0,0,40dd44dafbb7eb88,40s,40000
M,613.0,0,9fc85da354c2ebc7,20s,50000
F,658.0,0,5ce981a446edae21,40s,50000
F,709.0,0,915cef8d147c65ae,50s,40000
F,809.0,0,901f52120ee134f0,40s,50000
M,580.0,0,563cc01f2148764d,20s,90000
F,646.0,0,5d398920bc09008a,50s,90000
M,617.0,0,7204ee58da4cdb1f,20s,30000
F,591.0,0,3addd77d3b6a11c4,20s,30000
M,687.0,0,0b11ee4b0c621eda,30s,30000
F,680.0,0,b99adac92d34b348,30s,70000
F,553.0,0,980a972a93fcdbab,20s,40000
F,681.0,0,75c6eaea56763867,50s,50000
M,596.0,0,8b05bad6ad2eb080,40s,90000
F,681.0,0,ab323b07cfb3b4fb,60s,50000
F,769.0,0,1472d0134b57b293,40s,60000
M,712.0,0,fe3917af70de250f,30s,60000
F,692.0,0,f13695c593c0dded,50s,40000
F,643.0,0,834a5207c9fe0651,20s,70000
F,685.0,0,af42053d6e5fcd81,30s,30000
F,719.0,0,06f4338d70af5ada,50s,70000
F,712.0,0,2157ae58ebb78de5,30s,40000
F,673.0,0,c3d0b1539c5c5556,50s,40000
F,695.0,0,37503e96cfe5e052,30s,30000
M,588.0,0,bc8568e370644435,30s,30000
M,629.0,0,52fec335fafccbf6,50s,40000
F,730.0,0,c4d8c224f32bbc42,30s,10000
M,739.0,0,98f34ae3015f0e9f,60s,50000
F,687.0,0,90c1da8bba6d19cd,20s,40000
M,784.0,0,b86009b3e75c8063,30s,60000
M,716.0,0,ccb2fc557cf0f0b8,40s,60000
M,664.0,0,9fdf4c3465a832b5,40s,40000
M,595.0,0,e0d6720b6467a12f,60s,40000
M,781.0,0,d07c8298a641ba17,60s,50000
M,734.0,0,ea59ef5eac81b2e1,40s,80000
F,806.0,0,a55df5d80afc8279,40s,40000
M,832.0,0,9f24c32409abb236,30s,40000
M,590.0,0,3487065b17138cb2,50s,30000
M,590.0,0,90a2eac288937f29,40s,20000
M,480.0,0,4d89d80a8c4999c5,20s,60000
M,744.0,1,5ef0f433fe5a3ca1,50s,50000
F,726.0,0,091b585a606f602f,30s,70000
F,687.0,0,5932dbddcb34ce34,40s,70000
M,594.0,0,30bf60660529c62a,40s,90000
F,674.0,0,2077cd4434cf6c3b,50s,50000
M,693.0,0,54b13e9c91b0b6f8,30s,50000
M,735.0,0,20210ac14df41795,30s,30000
F,699.0,1,81bf9a4c8d87e8fb,20s,60000
M,726.0,1,0b745854e247a0f1,30s,50000
F,671.0,0,3f1d6920dc65d9ed,20s,60000
M,763.0,0,947e7217b1292eca,40s,30000
M,724.0,0,e725d11612e870a4,50s,60000
M,597.0,0,f54f94fceb56d6af,40s,50000
M,777.0,0,fceffeb4627834f0,60s,50000
F,766.0,0,aa6514ec952713c4,60s,40000
M,713.0,1,826a01c124f29479,20s,70000
F,700.0,0,fe2636bbda674562,40s,90000
F,796.0,0,86fc638d99f7dfec,40s,30000
F,566.0,0,fec7c14c44f1d107,30s,60000
M,767.0,0,9cbf255f08367c1c,50s,10000
M,647.0,0,a18725a1e3050b2f,30s,60000
M,757.0,0,372d538cfde7e2d5,20s,20000
F,688.0,0,b38d59ef249c872a,40s,40000
M,593.0,0,6d2c086c580c0201,20s,30000
F,645.0,0,0cc68f85472f5191,30s,50000
F,752.0,0,756a7210d114ace2,40s,70000
M,665.0,0,a0259f6414de14b9,50s,20000
F,636.0,0,185958f6c13dae74,30s,40000
M,636.0,1,914df0bb00ec96f1,30s,40000
F,725.0,0,82df62b52abe1c49,20s,80000
M,803.0,0,06d4dbbca1d32ca5,30s,60000
F,530.0,0,d3fcc580c5bb6c2a,40s,30000
F,850.0,0,e22b6430132013e7,40s,40000
F,694.0,0,a43842f74a55e8df,30s,80000
M,721.0,0,c3b0b9e34b7d1e50,20s,60000
F,649.0,0,fede589256890fdb,40s,30000
M,680.0,0,3e643ed987f44029,40s,50000
F,693.0,0,c3991993fb4eac5d,20s,50000
M,607.0,0,d0584e5d39de82ea,40s,40000
M,624.0,0,d21f8947103d9953,20s,20000
M,763.0,0,dfac3753f42d728d,30s,40000
M,571.0,0,3fdcd8a6e5d06a1a,40s,80000
M,711.0,0,fb16a87ba9bc21b9,50s,40000
F,654.0,0,04e8ae66ee48a0d3,50s,50000
M,613.0,0,efa4a336fb5ed9c5,50s,50000
F,818.0,0,d4e209c9ed6d8490,30s,90000
M,613.0,0,94b45e1111a8f62a,50s,50000
F,601.0,0,cb0dac037b7ac74d,30s,70000
F,667.0,0,b0a6a809a98fb967,30s,40000
M,626.0,0,3aee7fd6db3b6cd6,50s,50000
F,680.0,0,71684680b1e1a5e2,30s,50000
F,691.0,0,7aa08e63771fef2c,20s,40000
F,696.0,0,07f95974f455d30a,50s,50000
M,671.0,0,909f8eca70ec1118,40s,70000
M,631.0,0,7dc1070fade8c1b7,40s,40000
F,725.0,0,97752b921d919f54,20s,50000
M,672.0,0,f885b2737bc8482d,40s,60000
F,645.0,0,d7df6d815f4af8b4,20s,40000
M,784.0,0,a4dbe6649e02e58b,40s,70000
F,672.0,0,8b0c776aeb9b37ae,40s,50000
M,756.0,0,ed5966db41838389,50s,50000
M,766.0,0,d5e996ace4768aec,60s,10000
F,770.0,0,10a06db6198ba527,20s,40000
F,728.0,0,d96a02a610e4c5ce,20s,60000
F,680.0,0,2331deaf544244d1,40s,80000
F,676.0,0,2708721f66b46dde,60s,60000
M,663.0,0,f1a4a025050c6f7f,20s,70000
M,528.0,0,b6cec19a5b79796c,40s,30000
M,730.0,0,8b732f4436ab05e4,30s,50000
M,697.0,1,212ec23b8ff47994,30s,70000
M,738.0,1,19f272280419d9a8,40s,30000
F,672.0,0,6e88c6bc07496da5,30s,70000
M,727.0,0,392f0634739c88db,40s,60000
M,584.0,0,5ba977b1ade660f2,50s,50000
M,598.0,0,2a5a9d75aa618b88,30s,40000
M,507.0,0,b61a3adf68b9f514,20s,30000
M,671.0,0,eb2197de06ce0c2b,50s,80000
F,626.0,0,e83463976e3f39f6,30s,60000
M,617.0,0,691e1ab3ece19cf4,50s,60000
F,703.0,0,edacd88f69bb53f8,50s,40000
F,650.0,0,afbdb89ff7942748,40s,50000
F,580.0,0,7fd54c88716d1f7c,20s,50000
F,850.0,0,01f175484dcb7582,60s,60000
M,677.0,0,790dab85adc3905a,40s,60000
M,604.0,0,dbf15e2e83ca9841,30s,40000
M,633.0,0,c0ec6e7ac927fe72,50s,20000
F,668.0,0,8b543bc5f459fb37,50s,50000
F,668.0,0,b12642e9fb75a302,50s,20000
M,771.0,0,80e5efb19cb826a3,20s,40000
M,674.0,0,d64bd336a68ba99f,40s,40000
F,810.0,0,35ef40f26ff843f7,30s,60000
F,650.0,0,30fa2352b8f51924,20s,90000
F,710.0,0,b2ccfc076f51af45,30s,10000
F,752.0,0,2294db8e6e39e654,20s,90000
F,764.0,0,24d4fcfbdb94a3ef,20s,50000
F,772.0,0,d5899a11c6601b07,50s,60000
M,661.0,0,ac454148be9f2457,40s,20000
M,680.0,0,b2a1add6cdfac022,30s,70000
F,506.0,0,048446e078b74532,20s,50000
F,666.0,0,15ee9934c3129660,50s,50000
M,756.0,0,604958891cf069d9,40s,20000
F,743.0,0,bc45cd5461891559,40s,50000
M,674.0,0,9e569093e1c3e089,20s,70000
F,799.0,0,e29c2e203f8a5346,20s,50000
M,653.0,0,3ba3c3bf1323bf97,20s,70000
F,630.0,0,8116a25e5ab37011,20s,70000
M,647.0,0,391efe15a43cbca5,60s,40000
M,601.0,0,abe1192993dbeda7,30s,80000
M,724.0,0,3954bf86edd26fe3,40s,50000
F,700.0,0,116228dc55d298d3,60s,50000
M,723.0,0,10009eea02578828,60s,50000
M,651.0,0,09b533a481ed4679,30s,50000
F,676.0,0,9acebfc9869d1a81,40s,10000
M,528.0,0,a79dfd627812b4e3,40s,50000
M,706.0,1,aea2c782b5992314,20s,30000
M,687.0,0,6faf0867099058b7,50s,80000
F,603.0,0,bf90e9042134231b,40s,80000
M,673.0,0,6dd870cdc46eef9a,30s,70000
M,662.0,0,0e9cc36fadf92405,40s,50000
M,804.0,1,81ea8520912722a4,50s,30000
M,606.0,0,2fefd8142c5504b6,20s,40000
M,703.0,0,fa947cd7c15a6ab0,40s,80000
M,604.0,0,c0b6c4d6e8409fa6,50s,40000
M,641.0,0,2941d6686b5af733,50s,10000
M,699.0,0,89c1f9eee946e919,40s,70000
F,665.0,0,22c2d119dcedc820,20s,80000
M,680.0,0,fdf7e4cc8b24d534,50s,80000
M,703.0,0,530bb29cea35643c,50s,70000
F,645.0,0,3453c852ac8e90e5,40s,70000
F,742.0,0,8f4fb68dc6f076d2,40s,50000
F,659.0,0,202f9bae9e40f58f,40s,10000
M,673.0,0,60c460e5e07fada5,20s,50000
M,705.0,0,f69178778ac7f6a5,30s,60000
M,696.0,0,c61d78d6ba0def53,50s,50000
M,725.0,0,67e405692fe9a68c,60s,50000
M,702.0,0,4cb708bb6271bd33,30s,30000
F,713.0,0,5aee6c84edecf078,30s,30000
M,657.0,0,d358aaf235b55da9,60s,80000
F,605.0,0,1618c0510ffe0183,20s,80000
M,580.0,0,ffcc8dc4816a1314,30s,50000
M,563.0,0,e8a1cb44531702d1,20s,60000
F,803.0,1,3366869caf4ca8d2,30s,30000
F,525.0,0,3fb7acb03cbc730c,40s,60000
M,764.0,0,a0d31db10d820fbf,30s,80000
F,623.0,0,7c7ebb5131a58a5b,60s,20000
M,763.0,0,74ca8e397a3b477b,50s,60000
M,526.0,0,3af16c4d4365c75f,50s,60000
F,664.0,0,396ee541ee686bde,50s,60000
M,782.0,1,8edc67e0342de111,50s,80000
M,730.0,0,d510d9f6e5b91bf3,40s,90000
M,656.0,0,061b4db8230c3ee0,60s,50000
M,544.0,0,c799386709c09f30,20s,60000
M,587.0,0,7d8b5a4c31b09650,50s,50000
M,777.0,0,d7d48fdfc8dab1dd,20s,40000
F,656.0,0,3976b42eb6a63a02,30s,50000
F,675.0,1,3d9689a0edbfe3dd,30s,60000
M,700.0,0,c0faba5f47310c17,40s,50000
M,589.0,1,9323bba36908226d,50s,30000
F,709.0,0,e76ecb22ce5292ca,20s,40000
M,651.0,0,174f2ea9264d0735,40s,40000
M,701.0,0,2bac993590d8ffe7,20s,30000
F,640.0,0,fc14ee60fe3caeae,20s,60000
M,570.0,0,d2aac8bc763c8354,30s,60000
M,650.0,0,4c1fc75ebbe63b46,40s,70000
M,725.0,0,2cdfa6b5a20afaad,20s,30000
M,708.0,0,1ce03975d737b259,30s,40000
M,682.0,1,5e5f3c0fa9e44087,60s,80000
F,743.0,0,021f1627bcb02d08,30s,50000
M,666.0,0,e6c9e6690b81a0e6,60s,50000
F,684.0,0,a80a5b4125a43342,50s,50000
F,646.0,0,16a8e5dc616c9c8a,30s,70000
M,747.0,0,30cd8baa39f1681d,40s,70000
M,700.0,0,0b9ea90876959228,50s,70000
M,641.0,0,09e3ccd93add14f1,40s,50000
F,576.0,0,4aeeb3c024b98f17,30s,30000
M,757.0,1,b88dadd7f22e495d,30s,80000
F,628.0,0,860cae000f3b4333,20s,70000
F,685.0,0,e41d9a45ae339c33,20s,40000
F,845.0,0,8c1a397d6b9b3d3c,30s,80000
F,736.0,0,9f4dd03d6608bee1,50s,40000
F,793.0,0,9e0cda6f9fb1a549,30s,80000
F,642.0,0,2e10bcef79523154,20s,80000
F,755.0,0,78b9fba35803e40b,30s,30000
F,682.0,0,037fd6f102cd669e,40s,60000
F,706.0,0,c3f85200ff165651,20s,60000
M,660.0,0,daa3400ac3e2887a,20s,40000
F,681.0,0,2f946319914314ee,30s,80000
M,617.0,0,6d765247b1e6d55b,20s,50000
F,742.0,0,66c0a8e5613ba077,50s,30000
M,641.0,0,a61dee5da8b3476e,50s,50000
F,752.0,0,a1e2302f24ac0774,30s,50000
F,565.0,0,d4667336e754546a,20s,30000
F,718.0,0,393142537d0d92f8,20s,60000
M,635.0,0,a9e1829a78afcfe4,30s,70000
F,731.0,0,9d5e115e15702fec,40s,50000
F,679.0,0,0257a8158299a5d5,40s,40000
F,643.0,0,0d96c2aa81c74ed8,30s,50000
F,653.0,0,f6e0ea59354a53ca,30s,50000
F,620.0,0,4e40cdeb5d9f6f47,30s,50000
F,739.0,0,be3cdfb394cd0807,40s,70000
M,607.0,0,96ae5263218ad0ba,50s,50000
F,661.0,0,ab1a37e1d5e0b3ab,20s,20000
M,704.0,0,d6786caa8f2ce70e,40s,40000
F,793.0,0,72703f3735ad0b4f,40s,50000
F,679.0,0,b067dbcc111ad232,40s,70000
M,663.0,0,3832c2e469a3f7ae,40s,70000
M,699.0,0,fb8c4b68576e3077,40s,80000
M,535.0,0,d620ae8a7702d269,40s,50000
F,596.0,0,bd13b3166e90dce1,30s,60000
M,654.0,0,e0399b964d39fecb,40s,20000
M,630.0,0,818956ce367d0cd5,30s,60000
F,568.0,0,53faf33c1e872f6b,30s,30000
M,740.0,0,6aa47e630373d974,20s,50000
M,690.0,0,b80e2c59d4856b67,20s,60000
M,631.0,0,fdae450bd8dce21d,20s,30000
M,686.0,0,c36c1b71e0e5c057,30s,60000
M,716.0,0,7b3147f9dc29e87e,40s,40000
M,661.0,0,d35f264105abb7e2,60s,30000
F,711.0,0,a704d562964e7df0,20s,90000
M,624.0,0,a311bbc03f5bc7f6,50s,70000
M,687.0,0,d1702ee213552210,30s,60000
M,760.0,0,9b60f10072d72f94,50s,40000
M,766.0,0,9b7f20e247510c00,40s,40000
F,773.0,0,02d13ca8c07b499c,60s,80000
M,700.0,0,75bd9d328ff7eff0,20s,60000
F,682.0,0,6c8f23c78aefa7b1,60s,10000
M,649.0,0,f6868a4b3f397bd2,20s,90000
M,553.0,0,e33f55b87d3c994a,50s,50000
M,586.0,0,60f131632a94bef0,40s,60000
M,668.0,0,5224172b18ac158b,40s,70000
F,672.0,0,c411de66328b3fbb,30s,60000
M,779.0,0,16ccad65f2773dac,20s,60000
M,772.0,0,36b1d98f4f847384,50s,40000
F,632.0,0,3b1400803c3b4668,50s,30000
F,737.0,0,c12861634bd28266,60s,60000
F,647.0,0,35a765162f3971ba,50s,80000
F,728.0,0,00ef5bae6bba345a,60s,40000
F,736.0,0,1d9404cb50a34ee4,50s,40000
F,767.0,0,9d2e99108342cd2d,30s,70000
F,646.0,0,072e6a61b4b90d98,50s,40000
M,751.0,0,17f0bcd6355507be,30s,40000
F,549.0,0,827092c17f7da898,50s,40000
M,771.0,0,cb7e8e58cf402513,40s,50000
F,678.0,0,0bdae69d09fdaf42,30s,20000
F,680.0,0,540d5693102a6676,40s,40000
M,537.0,0,8c93e41e437ae377,30s,50000
F,653.0,0,5b7cae991c8a4f40,40s,50000
F,775.0,0,39f43524416f4da9,40s,70000
M,650.0,0,670e24bb8b14082a,30s,80000
M,730.0,0,cc48f5e879e8e0a2,60s,80000
F,682.0,0,d02f7eb3c339ee5c,20s,70000
F,754.0,1,070960ca7c1f675b,50s,50000
M,693.0,1,e5b776a80c7202dd,20s,40000
M,615.0,0,177eca76d37844fe,20s,50000
F,684.0,0,a1ffbe3e78473f4e,20s,60000
M,792.0,1,9ec76b815b7d9796,20s,60000
M,715.0,1,3a031f7dc6a89abc,20s,60000
M,672.0,0,11e7712c2b235f74,50s,50000
M,838.0,1,ea7b77b3d02c8cc4,60s,60000
F,761.0,0,2508cb605e418288,40s,70000
F,737.0,0,26824de22c1f510c,20s,70000
F,702.0,0,602872530cd84f58,50s,50000
F,731.0,0,c051a34ead4a6e5b,40s,30000
M,733.0,0,94ebca413114a74b,40s,30000
M,527.0,0,379345419f3c2880,60s,40000
M,708.0,0,95ab594e13da8a1f,30s,50000
M,669.0,0,2cb149dd745b643c,30s,60000
M,645.0,0,385217bbbd9e0cd7,50s,20000
M,666.0,0,27abb8b0818ec5f6,40s,40000
M,571.0,0,485328890ac809a8,50s,50000
M,554.0,0,b0a5a45a565a0135,50s,30000
F,767.0,0,977fcca73eb70779,50s,60000
F,712.0,0,a5c6190d2874cf08,30s,40000
F,511.0,0,7dd04d16f497ede2,20s,40000
F,640.0,0,f24bc45f0d7a377b,40s,50000
F,742.0,0,fc3e2c8eda81c6bd,40s,60000
M,660.0,0,bb1cf8f0aca22158,50s,30000
F,767.0,0,50ab9fdbe80b602d,30s,50000
M,753.0,0,6b4140c49847403c,50s,60000
M,585.0,0,960d00683ae2354e,50s,40000
M,670.0,0,9d438677d817606e,50s,20000
M,649.0,0,473429493254844c,50s,20000
M,583.0,0,fe5dfb52eab53077,60s,40000
F,578.0,0,953fba2513204ada,40s,30000
F,624.0,0,455d07be82321d3b,30s,40000
F,635.0,0,5f2540f6d0f6acaa,30s,80000
F,700.0,0,0d8066c2601c025f,50s,30000
M,753.0,0,97c72023bda0d4dc,30s,40000
M,716.0,0,1d05e39d4a22fd81,40s,90000
F,733.0,0,6592d49f39c51fc4,40s,60000
M,661.0,0,7d15c684f755716b,40s,40000
M,722.0,0,2162ba1f508c459d,30s,50000
M,670.0,1,13678c789d2f639b,50s,60000
F,649.0,0,efa457cfd2771057,20s,80000
F,813.0,0,df561d0637563b7d,50s,40000
M,517.0,0,19aa8480b0985f00,50s,40000
F,549.0,0,dd7d486c055a2c27,50s,30000
M,707.0,1,a15e988e431a9961,60s,50000
M,661.0,0,3bd6fcf40d574678,30s,20000
M,579.0,0,510cc0d56570830a,20s,40000
M,606.0,0,682cf4553953e4bf,40s,30000
F,615.0,0,4cfb7c95ba60e884,20s,70000
M,742.0,0,acf769a0aac3b5bf,30s,40000
F,765.0,0,1383405c389e0fb8,50s,60000
M,795.0,0,782fb7bffa887a55,40s,20000
F,569.0,0,e97540dafcf0b170,40s,50000
F,584.0,0,88e2674657e25aa4,50s,30000
F,580.0,0,668dfab51698a76e,20s,40000
F,770.0,0,ad94fb16d56d43dc,50s,90000
F,709.0,0,2b207a62619595ee,40s,70000
M,686.0,0,dff67bc9a0d3407f,30s,50000
F,676.0,0,9a4a84c2d723bc52,40s,30000
M,602.0,0,29e60b4c7ec4996f,40s,70000
M,716.0,0,360543b8ea3d2a44,30s,20000
M,667.0,0,03bf95111f0c6962,20s,50000
M,596.0,0,bf9f5190347dce98,20s,30000
M,720.0,0,55f9390acc0f555d,30s,50000
M,650.0,0,865eea9112451f3e,30s,50000
F,696.0,0,85ff57221f62dfa3,40s,40000
M,671.0,0,a19dcb7295daf98e,60s,70000
F,742.0,0,a2714d25fa5931b2,20s,40000
M,695.0,0,8add1b4f52d73c14,30s,60000
F,618.0,0,b51d49d4adbefda0,20s,60000
M,703.0,0,7e8c5b425a51034f,60s,20000
M,705.0,0,d5f576a1fd5cd4ca,50s,40000
M,716.0,0,e400dc270105b791,30s,50000
F,753.0,0,8733478b0ed99643,30s,60000
M,637.0,0,e39f036b54a29349,50s,80000
F,727.0,1,a5ebc7bc1ebdb61f,60s,50000
M,559.0,0,2254b3521b56379a,40s,40000
F,672.0,0,ba08eb5006ce6eb8,30s,30000
M,661.0,0,240b9d3b8bc03568,50s,60000
F,781.0,0,708246bdb3f83195,50s,40000
M,669.0,0,47ee5ede61c3c9b9,40s,50000
M,723.0,1,ef451016bb871157,20s,50000
M,557.0,0,2b2a1fba85fe1df3,50s,60000
M,655.0,0,6b87d8bffb7af294,20s,40000
M,621.0,0,d73dc495a73704ca,50s,40000
F,850.0,0,29d62d73ea51049b,50s,60000
M,633.0,0,5cb31dcb2bf78c6f,40s,10000
M,685.0,0,2e452b804b3aa82f,40s,40000
F,689.0,0,b02d21c4ae1970d6,20s,30000
M,569.0,0,7b4630a623406d4c,50s,70000
M,643.0,0,23d5a1e37d9eed42,30s,40000
F,708.0,0,270f381a17d00bae,30s,40000
F,686.0,0,53890ed606c4af3e,50s,50000
F,519.0,0,a69783975f626291,60s,40000
M,640.0,0,71c1bc1a38ed9dcd,40s,40000
F,751.0,0,6686fc71c8324d16,40s,50000
M,721.0,0,35cf3f5513af8e14,40s,40000
F,765.0,0,587b6580dd01ebf2,30s,40000
F,611.0,0,c8c49f3e441874f6,40s,30000
F,770.0,0,b62608c667a7bd3b,60s,30000
M,677.0,0,46be6e3fd361cf35,30s,50000
M,791.0,0,735fc7e7a74140fc,50s,60000
F,680.0,0,61ba02e9a4ad6a70,50s,20000
M,537.0,0,a73de7c9dc5d80bb,50s,60000
M,739.0,0,de07e2f0ccbf8232,50s,60000
F,649.0,0,d9fe8ecef5a967ed,60s,70000
F,654.0,0,1644eaed3d1a08d9,50s,60000
M,578.0,0,56c5373867798d9b,60s,60000
M,794.0,0,2ef77e431323f46a,50s,90000
M,644.0,0,831e31e0a3fc9c14,50s,40000
M,790.0,0,1dd41c63ac0a84ea,50s,30000
M,650.0,0,099237615975946a,60s,20000
F,615.0,0,cc5caca3e8414a6f,40s,80000
F,772.0,1,87fd63c6e04b8577,50s,80000
M,675.0,0,132a61f2848d883d,60s,30000
M,676.0,0,0c3446fde286d325,30s,40000
F,590.0,0,8ec9d4f6bdd35ea8,20s,40000
F,648.0,0,fad2495557e5d8b7,50s,70000
F,710.0,0,db9b05e8f9b0a807,40s,30000
M,589.0,0,6006878db92b838a,30s,10000
F,642.0,0,c73550513e839b9d,50s,90000
M,651.0,0,1058930dd32dabc6,20s,60000
M,685.0,0,d754d38fd058fe28,40s,60000
F,784.0,0,cfa62d3307766688,30s,50000
M,659.0,0,31473ba8a3a0db62,30s,60000
M,632.0,0,4fdbf83334beec96,60s,20000
M,850.0,0,dc233938120f14b8,40s,30000
M,650.0,0,1af2a21045c9c7b9,20s,50000
M,667.0,0,e4b5055dc2d3cce1,30s,10000
F,655.0,0,2dbdb1fb2c1283ed,30s,40000
M,661.0,0,1660571c366697d3,60s,40000
M,685.0,0,ac4c905eb9c07a2f,30s,40000
F,744.0,0,bf571882d59e81f7,30s,40000
M,708.0,0,628ebe214733ed48,30s,30000
F,755.0,0,12d2c2ef10429354,20s,20000
M,753.0,0,5f0bf2f45b99c995,50s,50000
F,695.0,0,e75e452c9941de6e,40s,40000
M,706.0,0,883b7bbcba093b19,30s,30000
F,758.0,0,7ac0e01c63d9275b,30s,50000
M,602.0,0,579b796f21468c1f,40s,40000
F,850.0,0,655bfb05889c33a8,20s,40000
M,644.0,0,72553592f58e71eb,60s,10000
F,655.0,0,fdccddf39fdb9449,40s,60000
M,595.0,0,da79c025e86a77eb,30s,30000
M,597.0,0,6a3f8083bf99b713,40s,50000
M,748.0,0,3074caac349c69a2,50s,40000
M,839.0,0,c34892dec7de9567,20s,40000
M,640.0,0,3b48fa46d50d2b1e,40s,70000
F,704.0,0,b3b2421338d26dc5,40s,60000
M,695.0,0,8ab2b8e7212e482e,50s,70000
M,750.0,0,34243a9c5978d7c1,40s,60000
M,835.0,0,6e6fc4d07c1c2790,50s,60000
M,786.0,0,441c0619c9900325,50s,20000
M,663.0,0,90ac09468eb2d22a,50s,40000
F,717.0,0,89132b1c3c909fa6,30s,50000
M,724.0,0,d1ad5164578a686b,50s,70000
F,679.0,0,9e6d567b4e7945ee,30s,40000
M,603.0,0,d4d632199350cfb7,50s,50000
M,624.0,0,874e257a32ccf861,60s,50000
F,760.0,0,0b0d1d656839141b,30s,70000
M,768.0,0,9dcb805cfcf66d2f,40s,50000
M,665.0,0,fccdcda177529e0c,50s,60000
F,698.0,0,e1aa6d2abf60c2d7,20s,20000
F,764.0,0,325c1c6293c6a83e,50s,20000
F,561.0,0,6245f88d470de53a,50s,10000
M,649.0,0,bedb6f20637d1520,50s,60000
F,821.0,0,eed930e7a8af6025,20s,60000
F,701.0,0,5500fdaf4855cd00,50s,70000
F,601.0,0,b4282aae1c6c05a7,50s,40000
M,688.0,0,33947a1c3f235c80,20s,40000
M,752.0,0,43904db3eee51440,50s,50000
M,502.0,0,59e964457e924d67,40s,80000
M,692.0,0,309061d9a4733ae0,60s,80000
F,654.0,0,8566b67d5e487b48,20s,60000
M,565.0,0,c444e7f905129ebc,60s,60000
M,686.0,0,f42d7847bb432e62,40s,70000
M,670.0,0,de5fd6f4c59cf51c,30s,50000
M,678.0,0,b44387c141b7cfee,30s,40000
M,656.0,0,d2339144b78aa6ce,50s,50000
M,609.0,0,966224e933b53624,60s,30000
M,578.0,0,11ea75061f86a371,30s,50000
F,632.0,0,a31815d3812888f2,60s,30000
M,740.0,0,254d75d9fb7a4359,40s,70000
M,696.0,0,5fd9ff8f44225c58,20s,60000
M,675.0,1,ecad8f26be0792ca,40s,80000
M,607.0,0,35c2572fa5e00f06,50s,20000
M,654.0,0,a14e571e44935b28,20s,80000
M,732.0,0,edba5b0221de8f25,20s,20000
M,715.0,0,b3ba3ed69da29b99,20s,30000
M,647.0,0,5db869e866084b51,40s,40000
F,497.0,0,d0a0ef744ec5b4ec,20s,70000
M,633.0,0,2910f8244ae5f920,60s,50000
M,646.0,0,bed690887007ee5f,20s,50000
F,617.0,0,9c7dd13384c0aeaf,20s,40000
M,651.0,0,8dbf360e2fb0f160,30s,30000
M,737.0,1,8dbd4753a3e7ac5d,50s,70000
M,677.0,0,fb8c714c45c3a29c,50s,60000
M,749.0,1,f03603be54dbd411,30s,70000
M,574.0,0,986e85a8a9f60006,40s,60000
F,659.0,0,6d259eef3c9147e5,50s,10000
F,544.0,0,1e1d6e46e19c7997,50s,30000
F,650.0,1,0178c4133623862f,20s,60000
M,607.0,0,e2f1464d9d49e5fa,50s,40000
M,770.0,0,563d87730ed9e68c,50s,40000
M,709.0,0,95da90f2c37a9ec2,50s,30000
M,751.0,0,45ad2591db4d9e74,40s,70000
M,650.0,0,875259791b0a4368,30s,60000
M,609.0,0,1e26940455904d16,50s,60000
M,606.0,0,fd7c349954069b09,50s,40000
M,699.0,0,0cdc9dc22b9d581d,40s,50000
M,807.0,0,ec5438b081feb8d4,50s,30000
F,709.0,0,7a53ac9b82178862,30s,50000
M,654.0,1,68a7ad56cd1853bf,50s,10000
F,667.0,0,895f687a729cbf10,20s,20000
M,678.0,0,be927872f64cfa03,50s,40000
M,822.0,0,fce61664a014820b,40s,90000
M,766.0,0,bf8fa019a338471a,40s,20000
M,698.0,0,918991f52d9e5443,20s,30000
M,688.0,0,4e56ebc524e38520,40s,50000
M,701.0,0,ee327af6d07dc2a8,20s,80000
F,715.0,0,8258c18ae001bb41,50s,50000
M,651.0,0,fd54f582e1be8e46,50s,60000
M,621.0,0,8d6b6bae72d1fe23,30s,40000
F,752.0,0,b4aeb602cbbeede3,50s,40000
M,682.0,0,3fad2030cb2aff5c,50s,50000
F,746.0,0,3e16b8ba95dbdf7a,20s,40000
M,795.0,0,1eb7ced6e8c6434e,20s,60000
M,716.0,0,987b01dbd4840c35,30s,20000
M,705.0,0,42d1e4481eeaca1d,20s,70000
M,850.0,0,63b36dc6e5d7bd1f,40s,50000
F,694.0,0,a8737b31ca4de19c,40s,50000
M,604.0,0,37c77470ad301b61,40s,20000
M,660.0,0,3ff78d634654d316,20s,30000
M,789.0,0,13e6ff227c559ee0,60s,70000
F,589.0,0,4f8662586c49794f,60s,50000
F,627.0,1,07dc4fbe049780ef,40s,60000
F,757.0,0,4915ffa5a3ddce88,20s,30000
F,661.0,0,74d4af81ed0523fe,30s,50000
F,672.0,0,aceb7636dee678aa,50s,30000
M,755.0,0,d612368e70c166ad,50s,50000
F,630.0,0,5ec14b341d2047b8,30s,60000
M,577.0,0,953a30675ae44143,50s,60000
M,583.0,0,0aab4bb4b8e8bc61,60s,30000
F,721.0,0,826c99ad7711d7a2,40s,40000
M,698.0,0,0658b96445da224d,30s,60000
M,632.0,0,e380a170047fedae,40s,50000
M,599.0,0,6a12178e154e2158,20s,40000
M,661.0,0,e520020e85fe522a,40s,80000
F,758.0,0,0d358631ac6b8edd,20s,30000
M,621.0,0,9fd6fa67d8419e93,20s,70000
F,634.0,0,4b5f8e05d3935c5a,40s,30000
M,597.0,0,c256e52019d04b97,40s,60000
F,654.0,0,c80e8e3c134d9a86,60s,60000
M,704.0,0,cf7cd33686b9c5cf,40s,40000
F,828.0,0,3681d81db9d356dd,60s,30000
M,695.0,0,3e43107f34c40488,50s,10000
M,676.0,0,da6077c2656085ab,30s,40000
M,740.0,1,2a5458b0013a5178,60s,60000
M,729.0,0,d4a3e5311f3c9715,40s,30000
M,640.0,0,04a1f0817c025396,40s,50000
F,841.0,0,401c3c43fb2827df,20s,20000
F,678.0,0,57ec2daefcb5266f,20s,50000
F,697.0,0,8b524ba56cd7baf2,40s,30000
M,719.0,0,162b05ebb8138ecd,30s,50000
M,704.0,0,552076baa82b7f31,40s,40000
F,787.0,0,25883b598fa8b19e,20s,30000
F,639.0,0,de4ec1193a67d128,30s,40000
M,735.0,0,8b5c286640885818,40s,30000
F,692.0,0,d97f775009a3b77a,40s,30000
M,749.0,0,bef366431ae50d10,60s,70000
F,665.0,0,c81a5d038d5b8518,50s,40000
F,655.0,0,c9f50e3e6ff416b7,50s,10000
F,731.0,0,b603fffe9c0f7554,20s,40000
M,705.0,0,334abe9f5e6a1358,40s,70000
F,623.0,0,d7f5e24daa1b294f,30s,40000
M,774.0,1,8943cb13faa6f42e,30s,80000
F,731.0,0,1e4c8fc761b25988,20s,30000
M,675.0,0,95dbe6c67ebdcc59,40s,60000
F,647.0,0,c7258d6cf311f917,20s,70000
F,705.0,1,0386ee3a1c8aeafd,40s,60000
M,726.0,0,d3de0b57af741c69,20s,30000
M,568.0,0,f3ae99d6d32a0cd7,40s,30000
F,706.0,0,1ee262aedcfcb69f,40s,70000
M,726.0,0,9164ff9538993f62,20s,40000
M,515.0,0,482d44e7a59e3f9b,20s,70000
M,694.0,1,e1671f17c2bbf2a1,50s,40000
M,729.0,1,c7743280df717d57,50s,50000
F,721.0,0,521fac71d6e75804,30s,30000
F,736.0,0,ddac57c1bec31fa9,50s,40000
M,657.0,1,9bea7fb4ba1de302,20s,30000
M,607.0,0,14c8a4bd147e0dd4,60s,50000
M,554.0,0,47a04f9b82c3ff42,20s,50000
M,756.0,0,94e7482bbff5becc,40s,60000
F,729.0,0,bf361a8fc321a090,20s,40000
M,762.0,0,953635b79b0f9aaa,20s,30000
M,629.0,0,84a79ed908f12d06,30s,50000
F,736.0,0,485a9befa0ec45f4,20s,30000
M,575.0,0,6be598e5313ce90f,40s,70000
F,619.0,0,61e0afef19e5e546,30s,50000
M,689.0,0,3470f8bbe1bda12f,20s,40000
M,726.0,0,8ba706112e74eb38,60s,60000
M,798.0,0,fd4d47ef3e3c624f,60s,50000
F,663.0,0,28c2c70c43131c1a,60s,20000
F,619.0,0,65b4d1940ab09ed9,20s,30000
M,616.0,0,2fe91619199503aa,30s,70000
M,632.0,1,efbbcba5a411f199,30s,50000
M,835.0,1,10421876fb158663,30s,20000
F,733.0,0,9e49081376ebe55d,30s,60000
F,758.0,0,b9cfef316487498a,40s,40000
F,663.0,0,e54f4d15e96d824d,40s,30000
F,680.0,0,c927d9c4a7810023,30s,30000
M,729.0,1,e22101db61da379e,60s,70000
F,645.0,0,e926c47083a3dbea,60s,10000
F,660.0,0,d348ae043298f84f,30s,30000
M,633.0,0,07c33742df1789ee,20s,50000
F,649.0,0,1ddc89c68ff1abe2,40s,80000
M,683.0,0,35065325037e49d9,30s,60000
F,622.0,0,67eb64149fe9b849,60s,30000
F,700.0,0,c500276a26d01e21,30s,80000
F,700.0,0,56a5909dc18a14bd,20s,30000
M,667.0,0,e2ea6d9cbff683fc,20s,50000
M,622.0,0,bab359dbc420e17e,20s,60000
F,687.0,0,b19bc01a0cc7df8a,30s,30000
F,645.0,0,d146ce39675a606c,30s,60000
M,683.0,0,1e879290cb1f823f,50s,40000
F,757.0,0,0e6e1ae36284ced5,50s,60000
M,592.0,0,189ec7f28272d374,20s,20000
F,832.0,0,a1ce1baf64db07f6,60s,60000
F,675.0,0,744273fec11491b6,40s,40000
M,709.0,0,4cbc9201f5769c16,30s,70000
M,627.0,0,13fdcb8593695b25,30s,50000
F,760.0,0,27179c2170a0e185,30s,70000
F,671.0,0,2943c5fb0fad5920,20s,60000
F,652.0,0,63dff9c54c9bf0db,50s,50000
M,640.0,0,b03cf3c1d60f3ff3,20s,60000
F,661.0,0,73426c8f691701a3,20s,60000
M,709.0,0,122b530684e2f288,30s,60000
M,692.0,0,6aecbe0d50ee05e6,20s,10000
M,677.0,0,bd89bab9ab152050,20s,30000
F,630.0,0,e5c614c873136671,30s,70000
F,626.0,0,b3432d2f68097f0f,30s,30000
F,648.0,0,e64270921beef4eb,20s,70000
F,712.0,0,01c3a5cee429c5f3,50s,60000
M,726.0,0,bfba37f4b4337472,50s,40000
M,736.0,0,30bb6bdba8dbace9,50s,10000
M,680.0,0,c46c1285e6c62c4d,40s,40000
M,668.0,0,6ab2e917679716f0,30s,30000
F,558.0,0,00c59afbb82026a9,30s,40000
F,665.0,0,4679fb0813e79530,20s,30000
F,654.0,0,f0d7ca7b8ed6894f,50s,70000
M,607.0,0,c670ce5106a7b49a,20s,50000
M,640.0,1,a335ceb5a8d390af,40s,40000
M,689.0,0,20e98062cdbaba6a,50s,80000
M,601.0,0,e4894da1193484d3,20s,60000
M,630.0,0,4c7f7e09f5dd8586,40s,30000
M,788.0,0,a3c215c6ddc3eb56,30s,30000
M,568.0,0,8b20700183bb7d9c,30s,70000
F,667.0,0,a7573a25c12d46b2,40s,50000
M,598.0,0,95e5700bee13ac0d,30s,20000
M,627.0,0,88184b93a93da98e,50s,20000
M,666.0,0,5c40c8025dc60e34,30s,30000
M,611.0,0,79e46905bf361b8a,40s,30000
M,720.0,0,bc21175de0de423b,50s,10000
M,775.0,0,67da8cd9e1943abb,30s,30000
F,739.0,0,9ea41ac133c713a4,30s,30000
M,752.0,0,0801ab0296c05794,60s,40000
F,583.0,0,661b0bec02c04f70,30s,80000
M,663.0,1,4cc35ae7f267026e,20s,50000
M,713.0,0,65969893fc16dd57,30s,50000
M,741.0,0,542bd165e0e6eac0,60s,60000
M,803.0,0,cbfe7c38865a2057,50s,50000
M,755.0,0,7a7ad72a9bd34280,50s,60000
F,743.0,0,841abd0221b739c1,30s,60000
M,850.0,1,fd08d169d4a63570,50s,50000
M,660.0,0,358a9ba705a4a8ad,50s,70000
M,692.0,0,ed1f15d956e9a0d4,50s,30000
M,616.0,0,e9a3188fe82d20c1,20s,60000
M,685.0,0,3ec632db614bedb5,60s,40000
M,559.0,0,dd1abdec0627ec16,40s,60000
F,643.0,0,993b822ac5fa46dd,50s,30000
F,672.0,0,34efd9759b71852d,50s,30000
F,746.0,0,b3beb11caca40591,20s,60000
M,758.0,1,c3159142809fe988,50s,70000
F,613.0,0,0082180fd7509731,20s,60000
F,825.0,0,58a49b97ebcafd28,30s,70000
F,690.0,0,b6bbe7f3cd875d8e,20s,60000
F,697.0,0,c8647d0a6194d30d,20s,50000
F,567.0,0,0353a2720374b3cf,60s,40000
F,637.0,0,23835bfd4bfab345,30s,60000
F,753.0,0,1fddd41daceb99cd,30s,70000
M,692.0,0,1ba93d3a5b32df87,40s,50000
F,688.0,0,87d91e209369ddd1,50s,50000
M,696.0,0,e7bdcc8827681e2c,40s,80000
F,579.0,0,6fa44c6991c5dce4,40s,50000
F,673.0,0,06c51a17ab7dcb4e,50s,50000
M,779.0,1,d8d40901c2d980c9,40s,60000
M,756.0,0,61073d8fa651a5ab,50s,50000
M,671.0,0,8d9a6b9044089388,60s,40000
M,789.0,0,b774e3d07799a1b3,40s,60000
M,592.0,0,d94c3cd8511cf724,20s,50000
F,612.0,0,d917413d46b1d5d4,30s,80000
F,810.0,0,809b584d31babe97,40s,60000
F,720.0,0,5ecb7998e6bf4982,40s,40000
M,660.0,0,558b4d2f18972fd2,30s,60000
M,676.0,0,6e2b686178befef5,30s,60000
M,624.0,0,d4ca38335e6f908a,20s,70000
F,699.0,0,5adf7fd2eeb96e8a,30s,40000
M,694.0,0,5d1536361916cb4d,50s,50000
M,681.0,0,38668f626bc72f36,20s,50000
M,599.0,0,a1d94ef67205477b,50s,50000
F,699.0,0,113519ac0dd966c3,30s,30000
M,643.0,0,d9d89a62c27ee94f,50s,60000
F,611.0,0,1300d68dc8de23f9,30s,60000
F,769.0,0,5e3be50c37750b24,50s,70000
F,832.0,0,02ddc098f8199b8f,40s,50000
M,816.0,1,fec4bae279906c6c,50s,40000
M,726.0,0,73b4e032d1cd0c90,20s,60000
M,661.0,0,1e72fd5035ec6a58,50s,40000
M,675.0,0,bad7e0c290a8f606,30s,70000
F,708.0,0,6e9cc8dd92b1839d,30s,70000
M,651.0,1,e11941163dd0d965,20s,70000
M,772.0,0,095331ca19fdf6bb,60s,60000
M,537.0,0,ae5888a1d8c2618f,40s,40000
F,659.0,0,91d9e6c49855e9b3,60s,50000
M,736.0,0,b79c6a4a4fc956f9,40s,60000
F,621.0,0,0d11ef7852ca4b30,20s,40000
M,663.0,0,4b72a584547b3dbd,30s,70000
F,722.0,0,c33b2a6ae123f0fe,30s,60000
F,786.0,0,753110e9443edd46,20s,30000
M,589.0,0,fd52926f9458bb9f,60s,80000
M,584.0,0,511562a8b341f795,60s,50000
M,614.0,0,ccb7b288d8d35f4a,40s,30000
M,572.0,0,ec74d54e9a7e001b,40s,40000
M,577.0,0,774a7428335fbb2d,50s,80000
F,612.0,0,87651f9aa73a9ce8,40s,80000
F,766.0,1,f437b5590a573f94,20s,70000
M,658.0,0,694ba17799fb0d27,40s,70000
F,682.0,0,e480b184ab2a0146,50s,70000
M,613.0,0,523e4660a3177011,50s,60000
F,724.0,0,e4248e30172a8967,40s,60000
M,811.0,0,3c7a62ffeb287659,50s,60000
F,618.0,0,a9721ce29ff4b8c9,40s,60000
F,801.0,0,2d51caccf3038b95,30s,40000
M,706.0,1,88415b935c9e3523,30s,60000
M,681.0,0,4b5acd0d52b011cb,50s,80000
M,708.0,0,64a4cf56194f8e74,50s,50000
F,707.0,0,960f6b2383c20fd5,30s,40000
M,810.0,1,4b6d18b068d9ac59,30s,60000
F,716.0,0,6dd7ea097a4bbc25,40s,40000
F,718.0,0,1bcd18ce0443fc9c,50s,30000
F,650.0,1,324f0c93cdcfad37,30s,70000
M,739.0,0,8696a5f3ba170f7e,40s,40000
M,613.0,0,961dd5bb9a9116ef,20s,50000
F,688.0,0,777171cc69f577a3,30s,40000
M,850.0,0,5eebfa4a49c66e26,60s,70000
F,505.0,0,973717b59aab34f2,40s,70000
M,696.0,0,fa72f23f03800bf6,50s,50000
M,699.0,0,2145f528878f2f41,20s,30000
F,664.0,0,2f7bb52ce4983ff5,30s,40000
M,666.0,0,951eeddb0494e5b1,60s,60000
M,686.0,1,4cb9a5e3b87e1a71,60s,50000
M,662.0,0,e90fb4e7244e2693,50s,50000
M,696.0,0,87024ccbf5859a0b,30s,50000
F,646.0,0,72775adbc930e15d,50s,60000
M,822.0,0,a0ad4421c0c6acac,40s,50000
M,662.0,0,85eab2b964f58077,50s,60000
M,720.0,0,a7bf4a3b7b9115f7,50s,30000
M,745.0,0,75cddc7ae2bc5af3,30s,40000
F,731.0,0,276e0a5adfe74017,60s,50000
F,709.0,0,fc8534e10205f4ea,30s,60000
M,608.0,0,513118d023d7b679,30s,40000
F,627.0,0,d2852b1375e1e96d,40s,50000
F,798.0,1,12593b4125dcbaf7,60s,50000
M,627.0,0,a043ab9874cb21b3,20s,30000
M,725.0,0,643f64cc0d83faa1,60s,60000
F,614.0,0,4f5d9f0c75f8823e,30s,20000
F,751.0,1,bcb1da6319a817c5,20s,80000
F,632.0,0,f5ced28f7c701b86,30s,60000
F,613.0,0,66877dd5cc8aae5d,40s,60000
M,630.0,0,fbf9826fbe843fd0,40s,20000
F,641.0,0,c4ccb0aee1060d96,40s,40000
F,708.0,0,9f90c65b576f6ea8,20s,80000
M,603.0,0,b19bb699641075de,30s,70000
M,678.0,0,0a27802618962fe0,30s,70000
F,600.0,0,c5e3cf3904116915,50s,60000
M,725.0,0,d1dd1c44f5a86dbe,50s,30000
F,738.0,0,6fca5959b67e0541,20s,70000
M,678.0,0,140853bccbfe7e3f,40s,30000
M,699.0,0,c88e0c098065d246,30s,30000
F,803.0,0,77d804daeffb3596,30s,30000
M,669.0,0,094669194a1d5ba1,50s,70000
F,614.0,0,b97201b551cef809,30s,50000
M,721.0,0,ce7b0cb55a7d138c,50s,50000
F,601.0,0,3b21488548c5dd7a,30s,50000
M,665.0,0,5ee16adba08573cb,20s,30000
F,638.0,0,2ed120fccda6383a,50s,40000
F,631.0,0,cc39798cef2c56de,50s,40000
M,662.0,0,96317d41ef8c310a,40s,20000
M,743.0,1,39e021795922865c,50s,40000
M,757.0,0,226ca3df12e0e76a,20s,30000
F,745.0,1,7a508b9f20b9a294,30s,60000
F,704.0,0,a7890397c28fcaf3,30s,60000
M,662.0,0,4b40b9e9c9dab34e,50s,30000
M,515.0,0,aaf8f113a290618e,30s,40000
F,706.0,0,39d272402ebcd412,50s,80000
M,520.0,0,fcb5de8a80cea346,30s,30000
F,545.0,0,a8289836ccab37fe,40s,60000
M,669.0,0,9768dc2ddd6b84c5,20s,50000
F,699.0,0,8495f5041abb5619,40s,70000
F,648.0,0,2014920b6d0136d4,20s,60000
M,787.0,1,57ad59f19af74190,50s,40000
M,712.0,0,df2305340a62509a,20s,50000
M,663.0,0,cb3aa8ac055e5279,60s,50000
F,777.0,0,acbc8358d3dbdcac,50s,50000
M,790.0,0,dabc1605c835bcba,40s,30000
F,716.0,0,92546a37c1b4dea0,60s,70000
F,626.0,0,11e33df66a547e46,50s,70000
M,641.0,0,4a25979e284ab5fb,20s,30000
F,579.0,0,9ac23ee9e29281e0,50s,40000
M,677.0,0,550abb014032c9bc,30s,50000
F,606.0,0,bdfc401634085d13,50s,30000
M,657.0,0,9811080532d3c5fb,50s,20000
F,698.0,0,f9cb7d4123145ab4,60s,40000
F,541.0,0,b05433e5d6c76e85,30s,40000
F,592.0,0,32e0e6a358164dc0,20s,20000
F,645.0,0,20160c78fe177321,20s,50000
M,676.0,0,21bbe11574f3bd2d,20s,70000
F,645.0,0,ec51b9f88a2c0dd7,60s,70000
F,661.0,0,cf5c6fca5d5b2fab,40s,50000
F,631.0,0,c092555a1349df06,30s,20000
M,579.0,0,549f2be33090933d,30s,60000
M,643.0,0,ab4cd32eb0add817,20s,50000
F,665.0,0,1dc8a2ebdeb87417,40s,60000
M,658.0,0,05afa8576cfb85db,30s,80000
F,688.0,0,b619c7df7b43dafa,50s,40000
F,709.0,0,10c7be2d172f96ee,20s,10000
F,728.0,0,5f52a42b164b0898,60s,30000
M,636.0,0,4060dae24b09d887,20s,60000
F,570.0,0,ab302d9b74290bd3,30s,50000
M,769.0,0,6baf0f7292576835,30s,30000
M,707.0,0,c0923cdf7331c202,50s,20000
F,613.0,0,aa579effed16b131,40s,40000
M,699.0,0,1a9929e58a48cb26,20s,30000
M,755.0,0,c8cfac530cd1a7de,40s,60000
M,801.0,0,04d984dbfb3a3bc7,40s,40000
M,698.0,0,9a1cf6268fbcfaf9,40s,40000
F,754.0,0,df98a0d4ad5fb51a,20s,40000
M,595.0,0,b1aa620723329cc0,20s,50000
M,677.0,0,dad1c510e2b8bfef,40s,50000
F,657.0,0,10aed182b07f9929,30s,50000
M,704.0,0,f986e7503c2bd1b8,40s,50000
F,793.0,0,caedd88766742763,20s,50000
F,697.0,0,bb919dbe6b47d18c,50s,30000
F,614.0,0,f7ad2d6cbc248088,20s,40000
F,592.0,0,0046d747c420a529,40s,40000
M,795.0,0,663d7110ca8f6810,50s,90000
F,716.0,0,cf7631b8884c3bd2,30s,30000
M,711.0,0,44b0b94d8b972acf,20s,40000
M,656.0,0,b1a832cfaf0e2cd7,20s,50000
F,699.0,0,a8f9d86ad0a11c40,30s,40000
M,611.0,0,a3d75d9f0959e4ce,20s,70000
F,707.0,0,d799a97265c93f96,50s,40000
F,598.0,0,36d8e259eb8827bf,60s,50000
F,655.0,0,e04817d6a3f9fd69,60s,60000
M,635.0,0,12505532c06038cb,60s,80000
M,452.0,0,83c12c458fdc02ea,40s,80000
F,656.0,0,5bed70e2ef842b6d,30s,50000
M,617.0,1,ef4d002676933280,30s,50000
M,665.0,0,30f258b0c9a03281,30s,50000
F,680.0,0,758f69175fa029b6,50s,50000
F,804.0,0,60ec50e49172809c,30s,30000
F,701.0,0,d896a57996bd912e,30s,70000
M,703.0,0,09fae82f5d749423,50s,50000
M,715.0,0,dbe35103170e3d0c,30s,50000
F,741.0,0,d629276abda3cc40,30s,30000
M,712.0,0,30e21a83c1c6434e,30s,50000
M,700.0,0,2e43c31a09f1b6c1,20s,20000
M,730.0,0,e941ec7cdc0589eb,20s,40000
M,510.0,0,2cb9a0363c32e328,30s,40000
M,826.0,0,69c065f5ded7d726,60s,60000
M,791.0,1,1d1cc0c73a7e907f,30s,80000
F,695.0,0,6ac3ccc5386d0056,40s,60000
M,581.0,0,48deaab7c242c82d,30s,80000
F,765.0,0,5dc8e41497c68139,30s,60000
M,631.0,0,f0a9256128009b8c,20s,70000
F,717.0,0,c6de3ad091397739,40s,80000
M,590.0,0,b2ef7f2c3594c62a,40s,40000
M,836.0,0,9ed156a4e59b5f8d,30s,40000
M,579.0,0,e5bcb0cab8b6d1c4,40s,60000
M,685.0,0,2f9611fe00979e97,40s,50000
M,531.0,0,fe3460195e11c020,30s,50000
F,677.0,0,996fc8053da55c4a,50s,50000
F,650.0,0,6f8a0d9ec5b768f8,40s,40000
M,760.0,0,8e36121f3a3d3437,20s,80000
M,650.0,0,874c61856361f118,40s,30000
F,760.0,0,17e52505a285463f,30s,60000
F,608.0,0,a68c500026e45366,50s,60000
M,660.0,0,da781fbf534084bc,30s,20000
F,662.0,0,75195cb7f7f7f83b,60s,40000
M,715.0,0,03b393b97b6707e9,40s,40000
F,706.0,0,ab4c2413b4224a18,20s,60000
M,731.0,0,0c517ed842232e53,30s,40000
M,699.0,1,638922b2994166f1,50s,50000
M,726.0,0,60150a4ee9302e9f,30s,20000
F,617.0,0,6fc5319deac18775,50s,90000
M,707.0,0,086328329566db23,50s,50000
F,793.0,0,21ec0b8883f7e3db,50s,60000
F,562.0,0,cccdd54d5629426e,20s,40000
F,714.0,0,e881e6f0d3a6de00,30s,40000
M,727.0,0,35e87d6843c1789f,30s,80000
M,782.0,0,2ef67307af62a8fe,30s,20000
M,731.0,1,f6888ffb452c0df1,50s,60000
F,687.0,0,7f4dd03904374330,20s,30000
F,710.0,0,1b7238afde7d521b,40s,40000
M,629.0,0,f38b8e48ba8caa61,60s,40000
F,653.0,0,9d08fcf34ee01e97,50s,30000
M,587.0,0,a46e424fd9cf37bc,40s,50000
M,784.0,0,e3cd6d68588c16b4,60s,10000
M,712.0,0,995d980eb92248bf,30s,40000
F,616.0,0,93ee6c0bf884be55,40s,50000
M,699.0,0,4aa69dff056976f1,40s,30000
M,761.0,0,0fe9d1f3880f5bd0,20s,80000
F,749.0,0,ac7bb82166b6d71e,20s,40000
M,615.0,0,8087b35f73bee127,50s,50000
M,461.0,0,9ddc65325984b774,20s,40000
M,708.0,0,0a35b71d7c27960a,30s,50000
M,618.0,0,69aa81b7f017d205,40s,70000
M,724.0,0,c9ec76ff4df1f093,40s,90000
M,747.0,1,c941084a5cccee61,40s,60000
F,758.0,1,3de67e855f826c25,60s,70000
M,802.0,1,09777a64119797fe,50s,80000
F,767.0,0,a26b9a1140f31e13,60s,50000
M,802.0,1,3ea9c05fe85c10cd,40s,80000
M,777.0,1,ca330c2c564533a4,60s,60000
M,783.0,0,86f972b52ae2dcf0,40s,50000
M,677.0,0,a9a99394ff4c75e9,40s,60000
M,590.0,0,6b5e244b74770c9f,50s,20000
M,850.0,0,ecc393295faf7bd1,50s,60000
F,684.0,0,a8a06363cfcb2c55,20s,20000
F,766.0,0,86e1171de42c97a9,60s,20000
M,641.0,1,1337293776af5d06,50s,50000
F,747.0,0,3eac3773217efa79,50s,30000
F,509.0,0,0beaa7f0b92d3579,50s,50000
F,651.0,0,ab75c872806c37f1,60s,50000
M,673.0,0,5479d029b5ad320d,30s,50000
M,712.0,0,83daa306231eabcc,20s,30000
M,755.0,0,128ccf134e9eefec,20s,70000
M,603.0,1,5b4bb694a9a92f09,30s,50000
M,726.0,1,473add89aa42d9ea,20s,60000
F,766.0,1,aa4f7f88f0755f56,30s,30000
F,844.0,0,75190f7216b7d756,20s,50000
M,729.0,0,804932a10f1966ae,20s,70000
M,648.0,0,50b59a2ca8d48900,40s,70000
M,591.0,0,47aafcb741a6b97a,50s,40000
M,808.0,0,8cf7ddf154a63f4d,20s,40000
F,732.0,0,e80baeaa6d959693,40s,30000
M,678.0,0,06cb1384048e4d7d,40s,40000
F,567.0,0,499cfe29fc3540ac,50s,20000
F,615.0,0,3cecc25a8e883c59,20s,50000
F,724.0,0,1aa1d44b190b090f,50s,60000
F,705.0,0,b19068bf2be3cd6d,20s,40000
M,544.0,0,ab4e2ba5a7bf404a,30s,50000
M,724.0,0,c4748ea73f9af526,30s,50000
M,570.0,1,29b026cb41f27563,50s,70000
F,775.0,0,fcd1289c6d25b022,20s,40000
M,695.0,0,0666668293859cae,50s,40000
F,648.0,0,2808c8b5f699b4e3,60s,30000
M,749.0,0,e6b3c7f8dd08148b,60s,30000
M,705.0,0,477920f11d08c76c,30s,60000
M,773.0,1,b6022dd5746db483,20s,50000
F,686.0,0,595be59ce010ab40,20s,50000
M,690.0,0,0ec7b5bc20f5e7fb,50s,70000
M,660.0,0,93c89ecb35d1ce3d,20s,70000
M,698.0,0,67b3b17d3d61ab06,40s,20000
F,799.0,0,b1b433d32f779107,30s,60000
F,645.0,0,867260f1596727e2,50s,50000
M,725.0,0,593ecff7eb3f2850,40s,40000
F,618.0,0,601c01271476256b,40s,60000
M,535.0,0,e5849408b6fee9ee,50s,20000
F,695.0,0,8a2f2a1dbed40028,60s,80000
M,706.0,0,8faf310f6303d37d,30s,60000
M,672.0,0,48c8868a147be394,40s,30000
F,575.0,0,7f44c74ae9bc400d,40s,40000
M,701.0,1,d08dad03defce9ad,50s,20000
M,699.0,0,e25d609700f14820,40s,40000
F,618.0,0,239812cc57aefe02,30s,40000
F,585.0,0,9d990784e6193248,50s,30000
M,662.0,0,745241595f2ad157,60s,60000
F,726.0,0,3798e346c1f65514,40s,70000
F,709.0,0,2dfbc3d9d551ed7a,20s,50000
M,618.0,0,0a3d7d9b30e6e8b8,30s,40000
F,690.0,0,ab3e4d1b140cdbfe,40s,60000
M,742.0,1,77c2133f01069221,50s,50000
F,598.0,0,f42b7dce2a8c7840,40s,30000
M,684.0,0,8259d1504c2976cf,50s,40000
M,774.0,0,cd3d7de740681ec1,20s,40000
M,591.0,0,7df0177f2cc9fb38,40s,50000
M,761.0,1,fdefd020160e01d3,50s,50000
F,793.0,0,76e3b55189fe3622,60s,50000
F,664.0,0,8e5ba399e256037b,20s,20000
M,656.0,0,2362e2e578e546c8,50s,60000
M,752.0,1,40f9fce468483c3c,20s,50000
M,667.0,0,bfc8aea7aa4412f9,20s,100000
M,515.0,0,100c526ba432914d,50s,40000
M,673.0,0,605cfe835a66abfc,50s,60000
F,732.0,0,7c2645e187e6b9c4,40s,50000
M,618.0,0,44f46248878db74f,40s,50000
M,661.0,0,db25a20ab2e44238,40s,30000
F,748.0,0,fa6efd99fd5bc5f8,40s,80000
M,676.0,0,361dfed8de4af1fa,40s,30000
M,573.0,0,3d949472e0345cba,30s,60000
M,767.0,0,d5f5ae2010520701,50s,40000
M,665.0,1,7d4e5869aeb7a97c,30s,50000
M,756.0,1,1cf78749f907323e,40s,20000
F,582.0,0,3ed144b2c0a16d6b,40s,70000
M,672.0,0,d89b00dbbb518043,40s,40000
F,716.0,0,26d7aa7fe3598747,40s,30000
M,674.0,0,53e8bea249fcb08c,20s,70000
F,597.0,0,21686fee8b31465b,30s,40000
M,513.0,0,1eda1cc529ce1715,30s,60000
M,787.0,0,75f73a69ec1f389c,30s,70000
M,697.0,0,be3a26596a90375d,50s,60000
M,762.0,0,545aef1c951e6b4e,50s,10000
M,745.0,0,ce020ef1153fb0b4,50s,60000
F,722.0,0,a5c977951326b1eb,30s,50000
M,658.0,0,09e58060841e572f,20s,40000
M,714.0,0,bdc560038081719b,50s,50000
M,780.0,0,08923ae76090058b,50s,20000
F,686.0,0,0958461fd02e19ec,40s,50000
F,813.0,0,31790e819c2e1341,50s,30000
F,575.0,0,2754935a03a82c58,60s,40000
F,568.0,0,2ac014c79c32461b,40s,50000
F,749.0,1,e09ac7cd4c726e5e,20s,70000
F,623.0,0,3efb0086412e2cd9,20s,40000
M,823.0,0,eedd857498c2d928,50s,80000
F,774.0,0,80aa3482ef2690f4,40s,70000
F,791.0,0,88f5cc224d0e24c8,20s,40000
M,742.0,0,ca0aca17502c76d6,20s,30000
F,615.0,0,aa18873cab4736da,60s,20000
M,564.0,0,88667e7b860b3ad8,30s,50000
M,785.0,0,024ead7180228d74,30s,40000
M,575.0,0,ae2523d59c7d0d73,40s,70000
F,791.0,1,3192f699c7e6e0ea,30s,40000
F,727.0,0,7ad19618008b1ed2,60s,30000
M,675.0,0,0a9440aed2978f33,40s,50000
M,711.0,0,78b8f3a5055a8a4e,30s,40000
M,713.0,0,2722fd00dfa12630,30s,50000
M,666.0,0,2a5b78c5fe75cd16,50s,70000
F,780.0,0,87a15c01eea538c8,40s,50000
M,777.0,0,8c629422e25f74ff,60s,50000
M,691.0,0,b55b7b98fc3683d8,30s,50000
M,638.0,0,9bc63d4789ac8905,20s,20000
F,771.0,0,7965609323f72e86,50s,60000
M,538.0,0,efe1458c78e7dd7d,30s,50000
F,711.0,0,7d1210d2a5fef72f,50s,70000
M,732.0,1,ae8dcf0b16c1c9fc,50s,60000
M,622.0,0,84e799f0ba9d2754,30s,50000
F,748.0,0,6bf086ac6eabbc6e,50s,70000
M,678.0,0,35683d199b903965,20s,40000
F,642.0,0,54f4856217baf881,30s,50000
M,747.0,1,d9a4ecc27a1b86c2,30s,40000
F,604.0,0,3ba1f53d4f2e013a,40s,60000
F,741.0,0,f19de753a15e82e2,40s,40000
F,541.0,0,09e6a78d9cdc364e,40s,80000
M,700.0,0,39b3167e0cd86cf0,40s,90000
F,683.0,0,57c4631d3a92a3de,50s,70000
F,642.0,0,84cd5be33015b4f4,20s,80000
M,707.0,0,2314ff3844ca762c,50s,20000
M,674.0,0,8937dd90502eb821,20s,20000
F,754.0,0,4e2d3f7db165fc5a,20s,40000
M,719.0,0,9972d98afc289f54,50s,50000
F,712.0,0,b1d33839ac7c24e2,20s,50000
F,700.0,0,0bae75396f0f0254,50s,20000
M,647.0,0,4df4d35ad34f56a4,20s,70000
F,659.0,0,792eed8acb6033f5,20s,90000
F,697.0,0,3984debcc762eeec,60s,70000
M,668.0,0,3b64cdc63369f6f2,20s,70000
F,758.0,1,d3d809327a1957a1,60s,50000
M,687.0,0,79bc88f8421cf229,30s,30000
M,706.0,0,d50ba3cf8e05879d,50s,50000
F,582.0,0,78b1179e97eb8a7f,60s,90000
M,746.0,0,e0d8e077e4491537,20s,40000
F,639.0,0,7475eda585a3b4f2,30s,40000
M,607.0,0,3ebe1fc755319d08,40s,70000
M,795.0,0,4dc58384e7a4d2c0,50s,70000
M,729.0,0,6c2551791365ee1d,20s,30000
F,748.0,0,aa59c3818134cb5b,20s,50000
F,712.0,0,3854ad2e5252af99,30s,40000
F,673.0,0,54cd44b1e9c61687,20s,50000
F,660.0,0,e5a71102faa5c546,30s,70000
F,735.0,0,51dd0755e568f694,20s,40000
F,759.0,0,fc04162974d34452,50s,70000
M,675.0,0,9236d9a918899572,50s,50000
F,825.0,0,cbf78b37bbaacf77,20s,90000
F,666.0,0,59382a2114be843d,40s,60000
F,582.0,0,34574179bcdb0659,40s,50000
M,559.0,0,02ed5ead65ffbd49,40s,60000
M,562.0,0,17c23a7ef1bb1869,60s,40000
F,651.0,0,a0a6a2441cca9c96,40s,20000
M,664.0,0,3289404a5436b0ff,50s,50000
M,728.0,0,0a3f5e341b66887e,20s,50000
F,678.0,0,0ed5f7827a2f767d,20s,20000
M,739.0,0,0539963f37013c69,40s,50000
M,683.0,0,d83394631db94b4b,50s,10000
M,681.0,0,e48a4e7791e15b10,30s,40000
M,640.0,0,3cb6895df1bc0b50,40s,50000
F,780.0,0,6fd446e069312061,20s,50000
F,573.0,0,e35a8f28948f36cf,40s,40000
F,701.0,0,b7499261341c08d3,50s,50000
F,667.0,0,fda7c02ad9f3e83c,40s,40000
F,735.0,0,69d98b08f1bef9c7,20s,50000
M,679.0,0,68d1982b786ced41,50s,50000
F,681.0,0,620093da21f35da0,60s,30000
M,661.0,0,1390ea8eb905d482,40s,50000
M,778.0,0,f0b9ccd35d543d8f,30s,50000
F,680.0,0,8d11555a4fd42dab,40s,50000
F,818.0,1,3df44b080d3e9975,50s,90000
M,699.0,0,a7b48e8a088bea45,30s,50000
F,682.0,0,9faf2aed874d21f8,20s,40000
M,670.0,0,2a7c495e2b6232db,20s,40000
M,719.0,0,1e4095771baf90a2,50s,30000
M,639.0,1,182352cc8e88345f,50s,60000
M,690.0,0,b148f686fe0c9e9a,50s,40000
M,681.0,0,f2abd7a8aa9eace4,20s,40000
M,703.0,0,98cbbd7ded818382,20s,40000
M,705.0,0,cb212bc49956a6cd,30s,30000
M,708.0,0,70fff3be86069504,30s,20000
F,687.0,0,4d20418f0e32be24,30s,40000
F,790.0,0,9d310be12d17219f,40s,70000
F,710.0,0,b4b228f961472630,30s,50000
M,850.0,1,d9145a3145dcf5ea,20s,80000
F,683.0,0,63ecac4f049e7d65,30s,60000
F,747.0,0,8d407d8e8e8229e5,50s,60000
M,629.0,0,31cea40efc9bf9e9,40s,80000
M,778.0,0,b1fd58f742cedfde,30s,50000
M,631.0,0,f938e38ccfacdbd9,30s,50000
M,712.0,0,5a727652f0c9bfec,40s,50000
M,661.0,0,798a3aef2dd58556,20s,80000
M,712.0,0,04e827f6d9029872,50s,50000
M,664.0,1,cb469988574a7f70,50s,40000
F,625.0,0,8cadc0b8fe2529ac,20s,60000
M,661.0,0,7b6888c1d5431be2,60s,40000
M,788.0,1,80f98e95c5ab1ec3,20s,60000
F,713.0,0,c32105fe540c55ae,40s,60000
M,590.0,0,e914f7f3c8268e6e,40s,50000
M,757.0,0,ee7a01010b2b04c3,30s,60000
M,618.0,0,0085cb2cb08e0523,20s,20000
M,732.0,0,82958d2956b8ca51,20s,50000
M,719.0,0,f21fb0e73e0dda04,50s,40000
M,723.0,1,9de14a2ad68625a8,20s,100000
M,810.0,0,b6ba12c6825b7553,40s,50000
F,622.0,0,6bb606300f55dbed,30s,40000
F,723.0,0,4ecce1f8bc6728b8,60s,30000
M,768.0,0,abc8af8ac08bc86a,60s,70000
M,635.0,0,87770b9122513a93,50s,40000
M,628.0,0,122143d75f3da9fe,50s,40000
F,660.0,0,20fc6b8a043fdb7c,40s,60000
F,703.0,0,ff73c21f4989dbd0,30s,60000
M,581.0,0,4cc51bd7a8263f27,20s,60000
M,719.0,0,2ae3c3e5ab58c773,60s,50000
M,581.0,0,85796187a857b8f2,30s,50000
F,771.0,0,84617627b1683062,30s,50000
F,716.0,0,e4f0d76409d067ba,20s,60000
M,814.0,0,231b7fc7cc711ee3,30s,60000
F,727.0,0,8d3bc823e2716d09,40s,70000
M,659.0,0,0bccb62a94754217,30s,50000
F,624.0,0,32ab6c44227b50bf,40s,40000
F,697.0,0,d986564d2b50569a,20s,50000
M,678.0,0,6260f449e29037ac,20s,60000
M,763.0,0,b7ecc8979ae0096f,50s,20000
F,615.0,0,da8d0e76dca99516,30s,20000
M,821.0,1,a42cbd4dce247545,30s,70000
F,769.0,1,37b2523cf15a4740,30s,80000
M,666.0,0,71fef87bb519f0f3,40s,30000
F,806.0,0,22c2b11653794e08,40s,50000
M,625.0,0,2f542bb767a6b929,30s,40000
M,694.0,0,2041ce956779cf03,60s,50000
M,591.0,0,70f9f55cfd13c55f,50s,60000
M,809.0,0,a37062dfa2d58671,20s,30000
M,565.0,0,ec0e3c6e9dd79654,40s,30000
F,579.0,0,3fc7ee666caf460c,60s,40000
M,636.0,0,5441dd6c8b1809c7,40s,50000
M,773.0,0,a48d3f28b1c52f62,20s,30000
M,747.0,0,5d25cca9ee4fb6e9,20s,60000
M,689.0,0,74f22dad1b15dc7c,40s,40000
F,751.0,0,56725d3f39072537,50s,40000
F,672.0,0,32400028cd36dce4,20s,60000
M,710.0,0,8daaaf112c3929dc,40s,50000
F,796.0,0,9391d8265f1dc0d5,40s,70000
F,663.0,0,f82c9eda0465883f,30s,30000
F,626.0,0,371272dbab9fdf00,40s,20000
M,713.0,0,9c4078b840bb7183,50s,40000
M,732.0,1,6e6ebd0ab0fda99f,30s,50000
M,688.0,0,9ae7f04c3bcc926d,20s,30000
F,750.0,1,cbc4eaa801f5cc7d,30s,30000
F,666.0,0,fdba925ea3953c8c,30s,50000
M,689.0,0,d1cd9ed9fcac4995,50s,40000
M,706.0,0,590876e59d2cd580,40s,20000
F,700.0,0,a0bf9ccfcdb814d6,20s,70000
F,793.0,0,df82f59e91edbe4e,30s,40000
M,706.0,0,ef1b3e62f1da6cb6,50s,70000
F,659.0,0,6c0a23482ac39e40,40s,50000
M,717.0,1,ebda362389b26ba0,40s,60000
M,751.0,0,2b1a91bdc9751d93,30s,50000
M,734.0,0,c06d7530e0e38a5b,30s,10000
F,730.0,0,cb466fcd42f21965,20s,30000
F,575.0,1,497bff9969554ba5,20s,50000
M,506.0,0,c49d772b20391ad2,20s,60000
M,769.0,0,52e29e6ee10f99ed,40s,20000
M,711.0,0,87bf2276807de3ff,20s,50000
M,678.0,0,e56447d6cddafcf7,40s,30000
M,729.0,0,d277e899680bdda6,60s,50000
M,815.0,1,cebeb5f46752eb61,50s,50000
M,779.0,0,94fbe84edf1028ce,40s,60000
M,747.0,0,d5275ed2bcf5666b,20s,70000
M,618.0,0,44c52de879d47031,40s,60000
F,627.0,0,6dcede70cf48d4d3,50s,70000
M,513.0,0,05b4f9e428cd971a,30s,40000
F,758.0,0,9c463b9361e82dfd,50s,30000
F,763.0,0,02f9dd9773e3bae8,30s,40000
M,727.0,1,da24b2d692db2ab2,20s,70000
M,669.0,0,35e94ac1e64ccfdc,20s,60000
F,641.0,0,fa4339cddfd1f50b,30s,60000
M,622.0,0,40979f51906324ab,30s,60000
M,669.0,0,3ccc20ab546fd157,40s,10000
M,612.0,0,037303813d9fdfd1,40s,80000
M,803.0,1,0267a814d25b127a,40s,50000
M,589.0,0,f6b0f534af123f7e,50s,70000
F,666.0,0,742a7beb40c05675,50s,10000
M,544.0,0,0a1300a28a763cb7,50s,50000
M,701.0,0,3f5e5a78cdd80350,50s,40000
F,680.0,0,946ed57a0fdce29e,30s,60000
M,655.0,0,8cc4d9850773845f,50s,60000
F,615.0,0,ae8b4ea001fa98a3,30s,60000
M,680.0,0,73c0b40b5624de78,20s,30000
M,642.0,0,a452395793913e04,20s,50000
F,670.0,0,943de62c15657317,20s,50000
M,817.0,0,696ca70d553c9c30,60s,60000
M,692.0,0,a4fcac571089fed2,20s,70000
F,717.0,0,86b881d5e4f9d4ee,50s,50000
F,647.0,0,2ca6d74c27ec705c,50s,30000
F,625.0,0,ea4162cc067e77fd,30s,50000
M,850.0,0,c3c640007a28f267,50s,80000
F,660.0,1,21a471c5afd7e5a7,60s,10000
M,705.0,0,bcda4f9c0b732f54,40s,50000
M,622.0,0,2726d8ea736045e6,30s,70000
F,487.0,0,82b713733c6eb959,20s,50000
M,625.0,0,34c4f6bc02f0e9be,50s,40000
M,847.0,0,f348e165e672e132,50s,50000
M,722.0,0,c9c792a628fd5bdd,40s,60000
M,795.0,0,f4a686d372ec9da8,20s,30000
F,656.0,0,bf85c75be2d1a5db,50s,70000
F,515.0,0,5433a64d1330de48,30s,50000
M,602.0,0,955730f64a2cb2a3,40s,30000
M,708.0,1,4af8a04ea0a963a8,40s,70000
M,697.0,0,116b8ae10927406e,20s,20000
M,679.0,0,ea9d889b0d0cbcc9,20s,40000
M,643.0,0,5eae7e9fb5902b72,20s,40000
F,746.0,0,478ae937777b668d,60s,90000
M,645.0,0,9cfa515b61ba370e,60s,40000
M,702.0,0,a86c42322f493943,30s,10000
F,694.0,0,49d47b495f94afa5,30s,40000
M,654.0,0,00c991cbd4f8c8eb,30s,60000
F,618.0,0,ba4bfe2235201ea0,30s,60000
M,650.0,0,5a24ce10de50948c,40s,90000
M,811.0,0,00d058a0de16ade7,30s,80000
F,758.0,0,3646fcf429a4ce2d,40s,50000
M,751.0,0,7ab8cb43302e0569,30s,30000
M,625.0,0,65abdf0da4b3f072,40s,80000
M,579.0,0,d5372dd1d1faca55,60s,40000
F,757.0,0,1f88851edf14c586,20s,40000
F,743.0,0,6f428637c22a9883,20s,40000
M,690.0,0,4674072f804dca63,40s,30000
F,654.0,0,e67701e9598de41d,20s,40000
F,578.0,0,e988ee0f14fae7d3,30s,50000
M,741.0,0,130bad188cbefcb8,50s,60000
M,763.0,0,fd81db88a9c98d3f,30s,40000
M,632.0,0,2636a427f2e692ef,40s,30000
M,627.0,0,1fb3d91545a59171,50s,20000
M,767.0,0,f5097c6fe386ee1f,20s,50000
M,635.0,0,2b16994e6f787b70,40s,50000
M,805.0,1,22d98d621811a5ce,20s,40000
M,672.0,0,dcdcba7b945fe853,40s,40000
F,653.0,0,0d00899048aade6e,20s,60000
M,683.0,0,d2593c27c32ef49f,60s,80000
F,653.0,1,8ef6df0e46dd2f0d,30s,40000
F,759.0,0,68c15434a600ba67,20s,50000
F,742.0,0,02e90ae6862f6f10,20s,70000
F,756.0,0,8dd27a300b9285d9,20s,40000
F,693.0,0,9bd60c0f514c38f1,20s,50000
M,648.0,0,72b7c0a9fc0fea5f,30s,50000
F,679.0,0,48c771e5bba65b34,50s,30000
M,650.0,0,1a166c44d2c6ddcc,50s,50000
F,783.0,0,b995e783d2d71379,50s,50000
M,750.0,0,f58bc22765cb4918,60s,60000
M,674.0,0,b65ad479015aee67,50s,30000
M,615.0,0,9c7a6c0e15947543,40s,50000
F,788.0,0,0198cbc9b0bec8e7,30s,70000
M,690.0,0,cf353f165b10bbb1,40s,90000
M,671.0,1,18f8ec9da9a82865,30s,70000
M,788.0,0,da9192b3a0532015,40s,30000
M,644.0,0,f90b4c4425bb2209,60s,60000
F,658.0,0,8012761e7c1e73e7,20s,40000
F,664.0,0,5780e247bef28cd2,50s,60000
M,588.0,0,404022dcccb893ea,60s,40000
M,702.0,0,3e59387fc0e7affb,40s,20000
M,627.0,1,75f9ec8a6c38017c,30s,40000
M,640.0,0,67e1433891d41d8a,30s,60000
F,631.0,0,94e2cc9f3119543f,20s,60000
F,639.0,0,0ea70627301c522e,30s,60000
M,621.0,0,5865792be52f86b2,50s,50000
F,697.0,0,e43d944be4fcdb2e,40s,60000
M,669.0,0,152499b7cebbc8c7,20s,60000
F,683.0,0,d92e697021855549,40s,50000
M,845.0,0,bfee144e361b7e7e,50s,50000
F,669.0,0,ac14c74a26896c09,20s,80000
M,722.0,0,f8237adc58d9a979,20s,50000
F,730.0,1,e9ef0f0b476ea03b,60s,50000
M,676.0,0,d13761ba683a950b,50s,50000
M,699.0,0,1b02b594544898a3,40s,50000
M,681.0,0,691fc7a61c28d16e,50s,40000
M,694.0,0,bc18282a37bd8be8,40s,50000
M,639.0,0,8e5c9f48d77ef411,40s,40000
F,645.0,0,54b52b64e0a57a27,20s,50000
F,681.0,0,9f829f9456b8ee51,50s,40000
M,542.0,0,1517a76c6364c7ad,50s,50000
F,785.0,0,f3fd72a98f82d02f,30s,60000
F,831.0,0,b13eae705f4b5652,50s,50000
M,692.0,0,0ba6dc6b2517e6e0,50s,10000
M,727.0,0,5587ad969a0665b9,20s,60000
M,756.0,1,19dd4b58e82b0216,20s,50000
M,587.0,0,6df6ab9240a05a3c,40s,30000
F,745.0,1,0c9744106d2631fe,40s,60000
F,650.0,0,aedec31b83fae9be,40s,20000
F,840.0,0,928a6137137bb756,30s,70000
M,667.0,0,9c431c725d1faa30,50s,50000
F,744.0,1,c462ffecd93683b7,30s,10000
F,668.0,0,98a26fe2da0a0feb,20s,50000
M,834.0,0,b4c051b5cbf70276,20s,40000
F,644.0,0,5e96fbeab89e201a,50s,40000
M,762.0,0,f5d20029f07a949b,50s,40000
M,724.0,0,fb0de7842c1f734b,40s,50000
M,708.0,1,596388b01efe5281,20s,40000
M,696.0,0,92cf05d936555144,20s,20000
F,633.0,1,a855e38b6ead24d3,20s,70000
M,499.0,0,382357a57e5e7e3c,20s,50000
M,755.0,0,3f9f5eb8dace2a99,40s,40000
M,646.0,0,46feee10958dba38,20s,30000
M,762.0,1,4e95ba7bdc98c2a0,20s,60000
M,705.0,0,b59a290863af9b4e,30s,30000
M,764.0,0,656b009b0d2778ed,50s,50000
F,736.0,0,d3bea1a22a901807,40s,40000
M,507.0,0,01e0dbe60b6398ff,20s,40000
F,723.0,0,031f8f44a0c2e90d,50s,30000
M,656.0,0,e06c16d13dd9ec33,40s,40000
F,762.0,0,36f757443f6dec82,20s,50000
F,721.0,0,2e52fc2c6d20b150,50s,50000
M,722.0,0,021490e853c93ca4,60s,40000
M,661.0,0,46d56b74d0a09694,40s,50000
F,616.0,0,ad10d6c65542e73a,20s,70000
M,650.0,0,4ae2bf74d59049e4,30s,20000
F,554.0,0,f56635cafee6eb7b,40s,50000
M,639.0,0,bcb2c894ef39961c,60s,30000
M,578.0,0,cb9024daac44ae9c,60s,30000
M,579.0,0,997d51940362ed7f,60s,50000
F,688.0,0,b91a6a2f5a804b6f,50s,40000
M,717.0,0,e6a790adcdce06ea,40s,30000
F,678.0,0,da768af5046f7b69,40s,70000
F,645.0,0,01e8ae507dfbab5e,50s,70000
M,614.0,0,c05b272d04bbd531,50s,20000
M,658.0,1,763aeba0d721d527,40s,20000
M,622.0,0,bba8485d78602b1e,20s,60000
M,676.0,0,24d64df20d9e21b2,50s,40000
F,573.0,1,149555fb209b867d,20s,80000
M,729.0,1,dc09a5b7f190536a,30s,60000
M,640.0,1,d3ade3ecfa4d562c,30s,60000
F,706.0,0,fc489fce1d53a248,60s,30000
F,742.0,1,a94245bcdb1c6fef,20s,60000
M,703.0,0,d61436e8fcee116a,40s,30000
F,736.0,0,6ee81c6c3092c7e1,30s,70000
M,535.0,0,b87e1401789b96ed,20s,60000
F,646.0,0,dac44246fb1ef0db,20s,40000
M,757.0,0,ba0a39dcb4471959,30s,60000
M,809.0,0,9a8908a4b9b22bfc,30s,50000
F,799.0,0,f28778f04a8f6a1d,50s,60000
F,701.0,0,05ac71936b316d45,50s,40000
M,662.0,0,5946650fc9cf1cdc,50s,50000
F,613.0,0,809f5b3ca9bc31a4,50s,20000
F,647.0,0,78299549a5942019,50s,50000
M,651.0,0,a061bd02908f5521,50s,50000
F,638.0,0,06f2492f560b2fe3,20s,80000
M,616.0,0,30f2ad9ae50b99f1,50s,20000
F,708.0,0,6f03e634ab419323,20s,40000
M,799.0,0,26d557a903df8eed,50s,70000
M,745.0,0,2abff68de25980fe,40s,50000
M,657.0,0,14017107af7c819e,50s,50000
M,751.0,0,65f59e30106189d9,40s,40000
F,704.0,0,d4aac3499895e29b,30s,30000
M,677.0,0,3e6051e561a0d3c2,30s,20000
M,673.0,0,90b46e67110b7a65,40s,40000
M,666.0,0,f3236f33f0568986,40s,30000
F,726.0,0,b05db815ffbdf9f6,30s,50000
F,690.0,0,cfd9f95f4675e9c6,40s,40000
M,629.0,0,1e7dfc589fcd00ca,40s,40000
M,626.0,0,5cd08bbe97e55a8d,30s,40000
M,701.0,0,7a2d220ef8924271,40s,50000
F,710.0,0,62f7ca70b0279fd4,30s,40000
F,658.0,0,9d030efccd77b4e3,30s,30000
F,601.0,0,a07b5b4d89504954,30s,50000
F,768.0,0,ee87f85690d158b1,20s,70000
M,753.0,0,14698a622f1c1a1f,40s,50000
F,541.0,0,c54b9cc556c4a5d0,50s,40000
M,774.0,0,3105ec20222125e8,60s,50000
M,665.0,0,30ba24532c8476d7,30s,10000
M,693.0,0,d28adc05f6f5db3b,40s,50000
M,760.0,1,febbbc33bcf3f259,40s,40000
F,796.0,0,ffc2ac2c2229c703,50s,30000
M,750.0,0,95502eca2b03feb7,40s,40000
F,697.0,0,c99ef2625a27fb42,50s,40000
F,584.0,0,756cf2df2edfbcec,50s,70000
F,538.0,0,d8042a1dba1cc1bb,20s,70000
F,741.0,0,66a0a32ac71d24f1,30s,30000
M,774.0,0,e10c20b530488e05,40s,40000
M,623.0,0,aa968a56e463c95d,40s,40000
M,661.0,0,253498d025c63a69,40s,60000
M,641.0,0,edcd475bd2ef9372,20s,50000
F,639.0,0,420cf7b71a35268b,40s,50000
M,755.0,0,dcea64a0c9c8418d,50s,60000
M,695.0,0,f0eda6b41d6a346c,20s,40000
M,664.0,0,1ca7f25472c53096,40s,70000
M,850.0,0,cba2745120ec2a15,50s,50000
F,580.0,0,d62af788500f7b9e,40s,30000
M,718.0,0,0924227c936db8ef,60s,50000
F,607.0,0,6c22a464123da919,30s,70000
F,669.0,0,4b72de7410750131,20s,40000
F,690.0,0,421dfcf674334956,50s,70000
M,739.0,0,ba3d7ab20acfafe0,20s,40000
F,662.0,0,0a74b94797b82045,20s,40000
M,654.0,0,d1719b26b0417010,20s,60000
M,660.0,0,caba66424df8730c,60s,30000
F,604.0,0,2443769abda209f0,50s,60000
F,724.0,0,b28cc65a7031985a,30s,60000
M,700.0,0,f4a4fe5fb5f599ca,40s,30000
F,710.0,0,473a6e27a5465716,30s,50000
M,675.0,1,c97fd2179508de7d,20s,40000
F,666.0,0,80f00a4abaa72e68,60s,60000
F,762.0,0,00f9574ddf6d8906,50s,80000
M,752.0,0,b47d6015d5d5c911,30s,40000
F,779.0,1,1004a77253a24df1,30s,60000
F,706.0,0,abddbbca891a068c,50s,50000
F,775.0,0,ae6ac937feb789e0,40s,50000
F,651.0,0,3ca0cc224aa296ec,30s,50000
F,666.0,0,4bd84a936a6cd130,30s,30000
M,764.0,1,f71b6b2b28feb5cb,30s,60000
F,739.0,0,bdf2697d5fa962bc,40s,40000
M,660.0,0,ec8bbf4379c9c7b1,20s,30000
F,607.0,0,3d6a6818a0a68d8e,40s,70000
M,666.0,0,d11a0b48ca3bfca3,30s,50000
M,632.0,0,0d50f5461b1dc8b1,30s,50000
F,801.0,1,35e99b6e9ac9c51c,30s,70000
M,733.0,0,ba1b9acae11b6390,30s,20000
M,626.0,0,fa17a63a80c2faea,30s,70000
F,607.0,0,909ef44a33ada5fc,50s,30000
M,626.0,0,32cbb90f2cd8f1ce,40s,50000
M,641.0,0,b4a4f67203d09e9f,40s,40000
M,668.0,0,b0ec9a45a0d5a685,30s,30000
M,758.0,0,172a3b7d767c4d57,60s,70000
M,612.0,0,81d59f375766935c,20s,80000
M,840.0,0,d2b92965cc547dd0,40s,50000
M,614.0,0,97f9b97ecb3deacd,20s,60000
M,581.0,0,b739964d0ccb1cde,50s,50000
M,798.0,0,9f80502156a1781d,30s,80000
F,772.0,0,2f66e14683278eaa,30s,10000
F,667.0,0,b5cd4dee7e42eaf8,20s,60000
M,707.0,0,169b15705fc2ae65,50s,40000
M,708.0,0,10c4004d1ee6ce20,30s,10000
F,690.0,0,66dfb81bd480c487,30s,40000
F,589.0,0,71a4988fd7a0138a,50s,80000
M,506.0,0,7a722fd0f029ea94,20s,40000
M,621.0,0,f562bf14c2e85696,40s,60000
M,807.0,0,148efaa45cfe41f1,20s,70000
F,810.0,1,14e81ba1a20d3314,20s,50000
F,662.0,0,0fcd73287a81c9bb,20s,50000
F,613.0,0,8482dd3f910ac9a9,20s,20000
M,699.0,0,833a4f6a43912441,60s,40000
M,711.0,0,a7bfd507fa8f5559,30s,70000
M,722.0,0,aafda555e075a848,60s,50000
M,503.0,0,1c68fef1c39f4238,30s,60000
M,850.0,1,0b6361f8b213449f,50s,50000
F,759.0,1,48ec294346734164,20s,90000
M,666.0,0,1e62ed6f80325e46,20s,40000
F,630.0,0,ee124d64b6a3a6f2,20s,80000
M,749.0,0,203bb74e36748a02,50s,50000
M,715.0,0,e928e37646eacaa7,40s,80000
F,686.0,0,68cfba24ba0f5572,50s,30000
F,712.0,0,9b5297216ab3e446,60s,50000
M,672.0,0,ab7f7085bb5a095c,30s,40000
F,708.0,0,eb48e8df3485d596,50s,50000
M,731.0,0,1ea4a10d85764e1b,40s,70000
M,704.0,0,dde5757650117b8d,40s,60000
M,700.0,0,ecf005d5243ae7c5,40s,70000
M,778.0,0,0156dc3dfcfb8a20,40s,40000
F,568.0,0,28ebead90c1bc2b2,20s,40000
